Date,High,Low,Open,Close,Avg,Volume
2015-01-05,39.9,39.8,39.9,39.8,39.81,32439.0
2015-01-06,39.7,38.0,39.7,39.0,38.73,12500.0
2015-01-07,40.0,39.0,39.4,39.0,39.14,7800.0
2015-01-08,38.9,37.8,38.2,38.9,37.9,7820.0
2015-01-09,38.9,38.0,38.5,38.0,38.48,15120.0
2015-01-12,38.2,38.2,38.2,38.2,38.2,50.0
2015-01-13,39.0,38.0,38.0,38.5,38.15,2650.0
2015-01-14,39.0,37.8,38.0,39.0,38.07,600.0
2015-01-15,39.0,38.0,38.7,38.0,38.03,14050.0
2015-01-16,38.0,37.8,38.0,38.0,37.98,1280.0
2015-01-19,38.0,37.8,37.8,38.0,37.98,1100.0
2015-01-20,38.0,37.9,37.9,38.0,37.99,2240.0
2015-01-21,37.7,37.5,37.6,37.5,37.54,4880.0
2015-01-22,38.4,37.5,37.5,38.0,37.99,2060.0
2015-01-23,38.3,37.4,38.3,37.4,37.53,11520.0
2015-01-26,38.0,37.0,37.4,38.0,37.07,1730.0
2015-01-27,37.5,37.0,37.5,37.5,37.24,12510.0
2015-01-28,37.5,37.5,37.5,37.5,37.5,1000.0
2015-01-29,37.6,36.8,36.8,37.6,37.53,1110.0
2015-01-30,37.6,37.6,37.6,37.6,0.0,0.0
2015-02-02,37.5,37.0,37.0,37.5,37.48,200.0
2015-02-03,37.4,37.0,37.0,37.0,37.02,250.0
2015-02-04,37.9,36.3,37.0,37.0,36.44,50620.0
2015-02-05,36.8,35.8,36.5,36.8,36.27,56850.0
2015-02-06,37.9,36.8,36.8,37.5,37.24,1320.0
2015-02-09,37.8,37.4,37.8,37.4,37.6,40.0
2015-02-10,37.0,37.0,37.0,37.0,37.0,210.0
2015-02-11,37.0,36.5,37.0,37.0,36.88,4230.0
2015-02-12,37.5,36.5,37.0,37.5,37.22,1600.0
2015-02-13,37.0,36.1,36.1,37.0,36.26,2500.0
2015-02-24,37.4,36.4,37.0,37.3,37.03,510.0
2015-02-25,36.9,36.9,36.9,36.9,36.9,400.0
2015-02-26,37.5,36.9,37.0,37.2,37.07,54530.0
2015-02-27,37.5,36.8,37.5,37.2,37.15,3300.0
2015-03-02,37.7,36.5,37.7,36.5,36.72,2300.0
2015-03-03,36.9,36.1,36.8,36.8,36.26,6740.0
2015-03-04,37.5,36.7,37.0,36.8,36.91,20970.0
2015-03-05,37.4,36.7,37.0,37.4,37.08,259410.0
2015-03-06,37.4,36.8,37.4,37.1,36.93,18560.0
2015-03-09,37.1,36.8,36.8,37.1,37.07,1190.0
2015-03-10,37.2,36.8,37.1,37.2,37.04,23040.0
2015-03-11,37.2,37.0,37.0,37.2,37.08,40530.0
2015-03-12,37.4,36.8,37.2,37.4,37.16,21810.0
2015-03-13,38.1,37.4,37.4,38.1,37.79,9070.0
2015-03-16,38.4,37.1,38.1,38.1,38.09,18890.0
2015-03-17,38.4,38.0,38.1,38.4,38.1,27810.0
2015-03-18,38.9,38.4,38.4,38.9,38.46,16020.0
2015-03-19,41.6,39.0,39.0,41.6,41.57,163240.0
2015-03-20,44.4,42.0,44.4,43.4,43.5,56190.0
2015-03-23,44.0,42.0,43.4,43.4,42.82,378200.0
2015-03-24,42.7,41.8,42.5,42.1,42.14,294000.0
2015-03-25,42.9,41.5,41.5,42.0,42.21,156090.0
2015-03-26,42.4,42.0,42.2,42.4,42.21,504710.0
2015-03-27,43.0,43.0,43.0,43.0,43.0,154540.0
2015-03-30,43.3,43.0,43.3,43.0,43.0,1310.0
2015-03-31,43.8,43.8,43.8,43.8,43.8,50.0
2015-04-01,44.0,43.5,43.5,44.0,43.67,38157.0
2015-04-02,44.5,43.6,44.0,44.5,44.0,12450.0
2015-04-03,45.0,44.1,44.8,45.0,44.99,5610.0
2015-04-06,46.0,44.5,46.0,45.0,45.66,160490.0
2015-04-07,45.0,44.5,45.0,45.0,44.88,40.0
2015-04-08,46.0,44.9,45.0,46.0,45.59,275540.0
2015-04-09,46.1,45.5,46.0,46.1,45.99,577930.0
2015-04-10,48.9,46.5,46.5,46.7,46.8,548260.0
2015-04-13,47.8,46.7,47.0,47.5,47.04,346360.0
2015-04-14,48.0,47.5,47.5,48.0,47.95,117000.0
2015-04-15,48.5,48.0,48.0,48.0,48.01,22510.0
2015-04-16,50.0,48.9,48.9,49.5,49.54,224690.0
2015-04-17,49.5,48.0,49.4,49.5,48.56,11100.0
2015-04-20,49.0,48.5,48.7,49.0,48.93,38220.0
2015-04-21,49.4,48.5,49.0,49.4,48.96,204710.0
2015-04-22,49.4,48.7,48.7,49.4,49.39,4940.0
2015-04-23,49.0,48.0,49.0,48.5,48.55,460.0
2015-04-24,51.5,49.0,49.0,51.0,51.22,6880.0
2015-04-27,51.0,48.5,51.0,48.5,49.94,2490.0
2015-05-04,50.5,48.0,50.5,48.5,48.45,900.0
2015-05-05,48.5,48.5,48.5,48.5,48.5,1030.0
2015-05-06,51.0,49.5,49.5,50.5,50.56,65870.0
2015-05-07,51.0,50.5,51.0,51.0,50.81,180.0
2015-05-08,51.0,50.0,51.0,51.0,50.99,1530.0
2015-05-11,51.0,50.5,51.0,50.5,50.94,1320.0
2015-05-12,52.0,50.5,51.0,52.0,51.55,135220.0
2015-05-13,52.0,50.0,52.0,52.0,50.65,286590.0
2015-05-14,52.0,50.0,50.0,52.0,50.64,2860.0
2015-05-15,51.5,50.0,50.0,51.5,50.45,93600.0
2015-05-18,50.5,50.0,50.0,50.5,50.17,6010.0
2015-05-19,50.5,50.0,50.5,50.5,50.27,4470.0
2015-05-20,51.0,50.0,50.5,51.0,50.69,32440.0
2015-05-21,51.5,51.0,51.0,51.5,51.0,2870.0
2015-05-22,51.5,51.5,51.5,51.5,51.5,3020.0
2015-05-25,52.0,51.5,51.5,51.5,51.75,8840.0
2015-05-26,52.0,51.5,51.5,52.0,51.69,6430.0
2015-05-27,52.5,51.5,51.5,51.5,51.87,4480.0
2015-05-28,52.0,50.0,51.5,52.0,51.85,2490.0
2015-05-29,52.0,51.0,52.0,51.0,51.91,106650.0
2015-06-01,52.0,50.5,52.0,51.0,51.85,1040.0
2015-06-02,51.0,51.0,51.0,51.0,51.0,8700.0
2015-06-03,51.0,50.0,50.5,51.0,50.06,2550.0
2015-06-04,54.5,50.5,50.5,50.5,53.29,18040.0
2015-06-05,52.5,51.5,51.5,51.5,51.54,165130.0
2015-06-08,52.0,51.5,52.0,51.5,51.76,390.0
2015-06-09,52.0,51.5,51.5,51.5,51.51,5610.0
2015-06-10,39.0,39.0,39.0,39.0,39.0,30.0
2015-06-11,41.7,39.0,40.5,41.6,40.84,621510.0
2015-06-12,41.5,41.5,41.5,41.5,41.5,90.0
2015-06-15,43.0,41.0,43.0,41.0,41.69,4840.0
2015-06-16,41.0,40.0,41.0,40.0,40.23,8160.0
2015-06-17,40.4,39.9,40.1,40.3,40.22,6570.0
2015-06-18,40.3,40.0,40.3,40.1,40.17,2410.0
2015-06-19,40.1,40.0,40.1,40.0,40.07,1510.0
2015-06-22,40.0,39.8,40.0,39.8,39.95,200620.0
2015-06-23,39.8,39.0,39.0,39.8,39.16,410.0
2015-06-24,39.8,39.8,39.8,39.8,39.8,30.0
2015-06-25,39.8,39.8,39.8,39.8,0.0,100000.0
2015-06-26,39.9,39.7,39.8,39.9,39.85,304580.0
2015-06-29,39.5,39.3,39.4,39.5,39.4,3740.0
2015-06-30,39.6,39.3,39.6,39.5,39.43,52150.0
2015-07-01,39.5,39.0,39.5,39.5,39.45,197000.0
2015-07-02,39.4,39.0,39.0,39.2,39.12,250.0
2015-07-03,39.2,38.6,38.6,39.2,38.62,520.0
2015-07-06,39.2,39.0,39.2,39.2,39.06,4550.0
2015-07-07,39.0,38.5,39.0,38.9,38.74,27460.0
2015-07-08,38.9,38.9,38.9,38.9,38.9,2640.0
2015-07-09,39.0,38.7,38.9,39.0,38.9,2890.0
2015-07-10,39.4,39.0,39.3,39.1,39.1,11410.0
2015-07-13,40.0,39.4,39.9,40.0,40.0,9660.0
2015-07-14,40.0,40.0,40.0,40.0,40.0,10620.0
2015-07-15,40.0,39.8,40.0,39.8,39.88,12940.0
2015-07-16,39.8,39.6,39.6,39.8,39.8,9660.0
2015-07-17,39.5,39.5,39.5,39.5,39.5,402010.0
2015-07-20,40.0,38.5,40.0,38.5,39.36,11710.0
2015-07-21,40.0,38.5,38.5,39.9,39.35,204400.0
2015-07-22,39.9,38.5,39.9,38.5,38.5,3010.0
2015-07-23,40.0,38.5,38.5,38.7,39.21,1049406.0
2015-07-24,39.3,38.8,39.0,39.0,38.98,44870.0
2015-07-27,40.0,38.0,39.5,40.0,38.71,24690.0
2015-07-28,40.0,40.0,40.0,40.0,0.0,0.0
2015-07-29,39.5,38.6,39.5,38.6,39.05,624660.0
2015-07-30,38.7,38.4,38.7,38.4,38.49,10430.0
2015-07-31,38.8,36.5,38.4,36.7,37.04,11330.0
2015-08-03,37.0,34.5,34.5,35.3,35.13,5950.0
2015-08-04,36.8,35.0,35.0,35.2,35.24,2600.0
2015-08-05,35.2,35.0,35.2,35.0,35.13,17310.0
2015-08-06,35.3,35.0,35.0,35.0,35.05,3940.0
2015-08-07,35.9,34.8,35.0,34.8,35.12,9360.0
2015-08-10,35.4,34.0,34.8,34.8,34.84,10100.0
2015-08-11,35.4,34.8,35.4,34.9,34.87,13870.0
2015-08-12,35.0,34.0,34.5,34.5,34.31,21410.0
2015-08-13,34.5,33.5,34.5,33.5,33.87,5640.0
2015-08-14,34.5,32.5,33.5,32.5,33.38,16500.0
2015-08-17,30.9,30.3,30.3,30.3,30.3,256460.0
2015-08-18,32.3,30.0,30.0,32.3,31.69,2250.0
2015-08-19,32.4,31.1,32.2,32.4,32.3,39280.0
2015-08-20,32.4,31.5,32.4,31.5,31.91,10390.0
2015-08-21,32.2,31.0,32.0,31.9,31.84,49160.0
2015-08-24,34.0,31.0,31.1,31.5,31.27,23980.0
2015-08-25,32.0,30.0,31.0,32.0,31.23,2510.0
2015-08-26,32.5,32.0,32.0,32.5,32.31,3070.0
2015-08-27,32.5,31.9,32.0,32.5,32.4,12730.0
2015-08-28,33.5,32.1,32.2,33.5,32.84,3980.0
2015-08-31,33.5,32.5,33.5,32.5,33.04,250.0
2015-09-01,32.6,32.0,32.5,32.0,32.33,18210.0
2015-09-03,31.6,31.6,31.6,31.6,31.6,30.0
2015-09-04,33.8,31.7,31.7,33.8,33.48,2680.0
2015-09-07,33.8,33.8,33.8,33.8,0.0,102600.0
2015-09-08,34.1,32.0,32.0,32.5,32.85,54770.0
2015-09-09,33.6,32.5,32.5,33.6,32.72,1030.0
2015-09-10,33.6,33.6,33.6,33.6,33.6,1000.0
2015-09-11,33.6,32.7,33.0,33.5,33.02,85770.0
2015-09-14,33.0,32.7,33.0,32.7,32.89,5220.0
2015-09-15,33.0,32.7,32.7,32.8,32.7,14060.0
2015-09-16,33.0,33.0,33.0,33.0,33.0,36630.0
2015-09-17,32.9,32.7,32.9,32.7,32.74,2820.0
2015-09-18,33.0,32.8,32.8,32.8,32.82,8470.0
2015-09-21,32.9,32.6,32.8,32.8,32.8,17810.0
2015-09-22,33.0,32.0,33.0,32.0,32.0,7010.0
2015-09-23,33.3,32.2,33.3,32.2,32.3,110.0
2015-09-24,33.0,31.1,31.1,32.4,31.96,4610.0
2015-09-25,32.8,32.4,32.7,32.8,32.73,15610.0
2015-09-28,32.8,31.7,31.7,32.8,32.12,3580.0
2015-09-29,32.8,31.6,31.6,32.8,32.33,6630.0
2015-09-30,33.8,32.8,32.8,33.0,32.96,23440.0
2015-10-01,33.1,33.0,33.1,33.0,33.0,11010.0
2015-10-02,33.3,32.8,32.9,32.9,33.04,11040.0
2015-10-05,33.0,32.8,33.0,33.0,32.95,730.0
2015-10-06,33.4,32.7,33.0,32.9,32.91,27380.0
2015-10-07,32.9,32.7,32.9,32.7,32.72,105600.0
2015-10-08,32.9,32.8,32.8,32.9,32.85,13430.0
2015-10-09,32.9,32.6,32.8,32.7,32.71,112230.0
2015-10-12,32.7,32.0,32.5,32.0,32.47,1440.0
2015-10-13,32.5,32.0,32.0,32.1,32.15,55750.0
2015-10-14,32.4,32.0,32.4,32.1,32.11,63770.0
2015-10-15,32.2,31.8,31.9,31.8,31.86,9050.0
2015-10-16,31.8,31.7,31.8,31.8,31.74,14690.0
2015-10-19,31.8,31.4,31.8,31.4,31.53,21670.0
2015-10-20,31.5,30.8,31.5,31.0,31.09,45450.0
2015-10-21,31.1,31.0,31.0,31.1,31.07,7460.0
2015-10-22,32.3,31.1,31.1,32.3,31.74,31470.0
2015-10-23,32.6,31.6,32.4,32.1,32.18,26860.0
2015-10-26,32.1,31.7,32.1,32.0,31.89,5080.0
2015-10-27,32.0,31.4,31.5,32.0,31.6,23100.0
2015-10-28,32.2,32.0,32.0,32.2,32.1,31800.0
2015-10-29,32.4,31.1,31.1,32.0,31.88,24110.0
2015-10-30,32.0,31.5,31.9,32.0,31.57,88366.0
2015-11-02,32.2,31.4,32.2,31.4,31.79,10000.0
2015-11-03,31.7,31.4,31.6,31.7,31.45,60730.0
2015-11-04,32.2,31.5,31.5,31.8,31.92,57660.0
2015-11-05,32.0,31.8,32.0,32.0,31.98,2110.0
2015-11-06,32.9,32.0,32.9,32.0,32.25,10330.0
2015-11-09,32.5,32.0,32.5,32.1,32.24,9080.0
2015-11-10,32.1,31.7,32.1,32.1,31.81,9040.0
2015-11-11,32.1,31.9,32.1,32.0,31.95,15270.0
2015-11-12,34.2,31.8,32.2,34.2,32.67,60000.0
2015-11-13,34.8,34.0,34.2,34.7,34.45,34680.0
2015-11-16,35.0,34.6,34.7,34.7,34.73,498618.0
2015-11-17,35.5,34.7,34.7,35.3,35.11,325260.0
2015-11-18,35.4,32.9,32.9,35.3,34.74,1524400.0
2015-11-19,36.0,34.3,35.0,35.2,34.9,16570.0
2015-11-20,36.0,34.5,34.5,36.0,35.41,31730.0
2015-11-23,36.4,35.0,35.0,36.0,36.1,28370.0
2015-11-24,36.5,35.9,36.0,36.4,36.0,12420.0
2015-11-25,36.9,36.5,36.9,36.5,36.75,2670.0
2015-11-26,39.0,36.5,36.5,39.0,37.74,87130.0
2015-11-27,38.5,37.5,38.0,38.4,38.15,7960.0
2015-11-30,38.9,37.6,38.1,38.9,38.46,10270.0
2015-12-01,39.2,38.5,38.5,38.8,38.82,38470.0
2015-12-02,39.5,38.5,38.7,38.8,38.8,21470.0
2015-12-03,41.5,38.5,38.5,39.5,39.13,15230.0
2015-12-04,41.0,38.5,39.0,41.0,39.97,20880.0
2015-12-07,39.9,38.7,39.8,39.8,39.28,5850.0
2015-12-08,40.5,38.6,39.0,40.4,39.6,38110.0
2015-12-09,40.5,39.5,39.5,40.0,39.77,40490.0
2015-12-10,40.0,39.1,40.0,39.9,39.89,970.0
2015-12-11,41.0,39.7,39.9,40.5,40.37,48960.0
2015-12-14,41.4,39.5,40.5,40.3,40.67,32210.0
2015-12-15,41.8,40.0,40.0,41.8,41.28,256162.0
2015-12-16,43.5,41.2,41.6,43.0,42.27,50440.0
2015-12-17,44.5,43.0,43.0,44.0,43.5,10140.0
2015-12-18,44.0,42.5,44.0,43.3,43.61,37410.0
2015-12-21,44.5,42.5,44.5,43.3,43.13,10550.0
2015-12-22,43.5,42.4,42.4,43.3,43.46,7200.0
2015-12-23,43.5,40.4,43.3,40.9,42.01,24720.0
2015-12-24,42.8,40.5,42.8,41.0,41.08,11200.0
2015-12-25,43.0,40.6,41.0,42.8,42.52,15500.0
2015-12-28,43.5,41.5,41.5,43.4,43.12,22610.0
2015-12-29,44.0,42.8,43.0,43.3,43.1,6020.0
2015-12-30,43.5,42.6,43.3,43.3,42.9,8770.0
2015-12-31,43.4,40.4,40.4,42.9,42.9,263710.0
2016-01-04,43.0,42.6,42.9,43.0,42.86,84263.0
2016-01-05,43.0,42.2,42.9,42.3,42.35,128220.0
2016-01-06,42.9,42.5,42.5,42.9,42.71,14230.0
2016-01-07,42.9,41.9,42.8,42.8,42.58,13920.0
2016-01-08,42.9,42.1,42.8,42.9,42.58,29760.0
2016-01-11,42.9,40.1,40.1,42.2,42.17,22350.0
2016-01-12,42.5,41.7,42.5,42.0,42.07,23180.0
2016-01-13,42.4,41.4,41.4,42.0,41.86,39190.0
2016-01-14,42.0,40.5,41.6,40.5,41.44,2050.0
2016-01-15,42.3,38.5,42.3,41.7,41.81,20230.0
2016-01-18,41.7,38.8,41.7,41.5,41.3,113910.0
2016-01-19,41.5,39.9,41.0,41.0,40.29,105967.0
2016-01-20,40.7,40.1,40.7,40.7,40.55,92780.0
2016-01-21,42.5,40.1,40.6,41.5,41.13,46790.0
2016-01-22,42.0,40.5,40.5,41.5,41.61,20900.0
2016-01-25,42.8,41.6,42.0,42.8,42.5,19940.0
2016-01-26,43.5,42.7,43.0,43.3,43.1,28740.0
2016-01-27,44.5,43.5,43.5,44.0,43.84,31180.0
2016-01-28,45.5,43.5,43.5,44.5,44.6,26400.0
2016-01-29,45.0,43.5,43.5,44.9,44.37,10240.0
2016-02-01,45.3,44.0,45.0,44.5,44.66,63520.0
2016-02-02,45.3,44.0,44.5,45.0,44.59,7170.0
2016-02-03,45.5,44.5,45.0,44.5,44.73,18500.0
2016-02-04,45.0,44.4,44.4,44.6,44.6,19660.0
2016-02-05,45.0,44.6,44.7,44.7,44.95,17960.0
2016-02-15,46.9,45.0,46.9,45.0,45.14,10730.0
2016-02-16,46.9,44.8,46.9,45.6,45.16,9810.0
2016-02-17,46.0,45.0,46.0,45.9,45.62,10000.0
2016-02-18,45.9,44.5,45.9,45.2,45.05,49250.0
2016-02-19,45.5,45.0,45.2,45.0,45.24,127280.0
2016-02-22,45.9,44.5,44.5,45.0,45.24,6180.0
2016-02-23,45.4,44.5,45.0,45.3,44.88,19580.0
2016-02-24,45.3,44.6,45.3,44.7,44.85,5080.0
2016-02-25,45.3,44.5,44.9,45.0,44.84,292110.0
2016-02-26,46.0,44.9,45.0,45.1,45.23,20440.0
2016-02-29,47.0,45.1,47.0,45.2,45.95,10100.0
2016-03-01,45.6,45.0,45.2,45.3,45.2,10990.0
2016-03-02,46.4,45.0,45.4,45.9,45.66,29860.0
2016-03-03,47.0,45.6,45.6,46.6,46.42,27880.0
2016-03-04,48.5,46.8,46.8,48.0,47.43,78880.0
2016-03-07,51.0,48.0,48.0,50.5,50.35,19000.0
2016-03-08,51.0,49.8,50.0,50.5,50.34,35360.0
2016-03-09,50.0,48.4,50.0,48.4,49.08,18370.0
2016-03-10,49.6,47.6,47.6,48.9,48.93,10330.0
2016-03-11,49.3,48.5,49.0,48.5,48.92,24060.0
2016-03-14,49.0,47.1,48.5,48.3,48.53,10410.0
2016-03-15,48.5,47.8,48.3,48.0,48.03,8450.0
2016-03-16,50.0,48.0,48.0,49.6,48.99,20660.0
2016-03-17,50.0,49.4,50.0,49.7,49.68,13880.0
2016-03-18,49.8,48.5,49.8,49.0,48.8,124620.0
2016-03-21,49.9,48.1,49.0,49.0,48.98,25300.0
2016-03-22,49.5,48.5,48.8,49.2,48.77,76730.0
2016-03-23,49.9,48.8,49.9,49.6,49.26,142330.0
2016-03-24,49.6,49.1,49.6,49.6,49.54,328910.0
2016-03-25,49.6,49.1,49.6,49.5,49.43,16040.0
2016-03-28,49.6,49.0,49.6,49.4,49.37,19400.0
2016-03-29,49.4,48.5,49.4,48.5,48.98,26970.0
2016-03-30,49.0,48.0,49.0,48.0,48.09,32740.0
2016-03-31,48.2,47.5,47.5,48.0,48.03,15300.0
2016-04-01,48.4,47.0,48.4,48.0,48.05,49022.0
2016-04-04,49.0,47.1,48.5,48.0,48.362,47620.0
2016-04-05,48.0,47.4,48.0,48.0,47.94,11950.0
2016-04-06,48.1,47.2,47.2,48.1,47.71,10090.0
2016-04-07,48.2,48.0,48.1,48.0,48.03,17860.0
2016-04-08,49.5,47.5,48.0,49.5,48.8,97080.0
2016-04-11,52.5,50.5,50.5,52.5,51.89,185230.0
2016-04-12,54.0,52.0,54.0,52.0,52.39,30080.0
2016-04-13,52.0,50.5,52.0,51.5,51.39,24380.0
2016-04-14,51.5,50.5,50.5,51.0,51.02,25800.0
2016-04-15,52.5,51.0,51.0,52.0,51.82,88620.0
2016-04-19,53.5,51.5,52.0,51.5,52.4,115440.0
2016-04-20,51.5,51.5,51.5,51.5,51.5,47340.0
2016-04-21,53.5,51.5,51.5,52.5,52.55,84740.0
2016-04-22,56.0,52.5,52.5,56.0,55.76,269230.0
2016-04-25,56.0,52.5,56.0,55.0,54.05,66260.0
2016-04-26,58.0,55.0,55.5,57.0,57.08,116180.0
2016-04-27,58.5,57.5,57.5,57.5,57.75,51360.0
2016-04-28,58.0,56.5,57.5,57.0,57.26,116980.0
2016-04-29,58.0,57.0,57.0,57.5,57.48,26410.0
2016-05-04,58.0,57.0,57.5,57.5,57.55,100810.0
2016-05-05,59.0,57.0,59.0,58.0,57.92,111350.0
2016-05-06,58.0,57.0,58.0,57.0,57.53,16770.0
2016-05-09,58.0,56.5,56.5,58.0,57.49,19960.0
2016-05-10,60.0,58.0,58.5,60.0,59.28,506463.0
2016-05-11,61.0,59.5,60.0,59.5,60.17,91000.0
2016-05-12,60.0,59.5,59.5,59.5,59.57,37270.0
2016-05-13,60.0,58.5,59.0,60.0,59.26,46050.0
2016-05-16,60.0,59.5,60.0,60.0,59.62,29060.0
2016-05-17,61.0,59.0,59.0,60.0,59.82,43670.0
2016-05-18,61.0,59.5,60.0,60.5,60.29,52520.0
2016-05-19,61.0,60.0,61.0,61.0,60.4,14350.0
2016-05-20,61.5,60.5,61.0,61.0,60.65,26180.0
2016-05-23,61.0,60.0,61.0,61.0,60.74,6000.0
2016-05-24,61.0,60.5,60.5,60.5,60.73,40570.0
2016-05-25,60.5,59.5,60.0,60.0,60.07,20100.0
2016-05-26,60.5,59.5,60.0,60.5,59.97,38830.0
2016-05-27,60.5,59.5,60.5,60.0,59.66,22510.0
2016-05-30,64.0,60.0,60.0,64.0,62.76,283640.0
2016-05-31,66.0,64.0,64.0,65.0,65.12,60510.0
2016-06-01,65.0,64.0,64.5,64.5,64.54,17590.0
2016-06-02,64.5,63.5,64.0,64.0,63.96,31460.0
2016-06-03,68.0,63.5,63.5,66.5,65.75,101770.0
2016-06-06,69.0,66.5,66.5,68.0,67.93,125670.0
2016-06-07,68.0,66.5,68.0,67.5,67.59,118950.0
2016-06-08,68.5,67.0,67.5,67.0,67.7,145480.0
2016-06-09,67.5,66.0,67.5,66.0,66.51,47510.0
2016-06-10,68.0,65.5,65.5,66.0,66.44,63230.0
2016-06-13,67.0,65.0,66.0,65.5,65.5,131780.0
2016-06-14,65.5,64.5,64.5,65.0,64.8,85970.0
2016-06-15,67.0,64.5,65.0,67.0,65.2,84320.0
2016-06-16,67.5,65.5,67.0,65.5,66.57,75090.0
2016-06-17,66.0,65.0,65.0,66.0,65.71,32720.0
2016-06-20,70.0,65.5,66.0,69.5,67.86,254970.0
2016-06-21,74.0,70.5,70.5,71.0,72.21,196891.0
2016-06-22,73.0,71.0,71.0,72.5,71.76,42810.0
2016-06-23,75.5,71.0,72.5,74.0,73.18,190990.0
2016-06-24,73.5,69.0,73.5,73.0,70.99,386510.0
2016-06-27,75.0,70.0,72.0,75.0,72.21,108200.0
2016-06-28,79.5,74.0,75.0,77.0,76.67,811010.0
2016-06-29,80.0,77.0,77.0,79.0,78.25,221710.0
2016-06-30,79.5,76.5,79.5,77.0,78.1,250770.0
2016-07-01,78.5,74.0,74.0,75.0,75.58,283090.0
2016-07-04,77.0,74.5,75.0,76.5,76.11,424830.0
2016-07-05,78.0,76.5,77.0,76.5,76.96,121870.0
2016-07-06,78.0,75.5,76.5,77.5,77.03,227000.0
2016-07-07,82.5,78.5,78.5,82.0,81.2,552850.0
2016-07-08,85.0,80.5,81.5,81.0,82.12,3202840.0
2016-07-11,82.0,77.5,81.0,78.5,80.1,264650.0
2016-07-12,79.0,76.0,78.5,77.5,77.08,227080.0
2016-07-13,79.5,77.0,77.5,77.0,78.18,212770.0
2016-07-14,77.5,72.0,77.5,72.5,74.54,332400.0
2016-07-15,72.5,69.0,69.5,70.0,69.8,294190.0
2016-07-18,71.5,68.5,69.0,71.5,69.85,120510.0
2016-07-19,73.0,71.0,71.5,71.0,71.84,122280.0
2016-07-20,72.5,70.0,70.0,71.5,71.23,80700.0
2016-07-21,71.0,68.5,70.0,70.0,69.58,56780.0
2016-07-22,70.5,68.0,70.5,68.5,68.77,97290.0
2016-07-25,69.0,66.5,68.5,67.0,67.49,115340.0
2016-07-26,67.0,62.5,66.0,63.0,63.62,260900.0
2016-07-27,66.5,62.5,63.0,66.0,65.51,382850.0
2016-07-28,67.5,65.0,67.0,65.0,66.06,59720.0
2016-07-29,65.5,64.0,65.0,64.0,64.33,280792.0
2016-08-01,64.0,62.0,64.0,63.0,63.03,102860.0
2016-08-02,64.5,62.0,62.5,64.0,63.26,81640.0
2016-08-03,64.0,62.5,64.0,63.5,63.29,30010.0
2016-08-04,64.0,63.0,64.0,63.0,63.26,43900.0
2016-08-05,63.0,62.0,62.5,62.5,62.37,35850.0
2016-08-08,65.5,62.5,63.0,65.5,64.37,125980.0
2016-08-09,65.5,64.5,65.5,65.5,65.05,55630.0
2016-08-10,70.0,65.5,65.5,70.0,67.88,136310.0
2016-08-11,70.5,68.5,70.0,70.0,69.83,185170.0
2016-08-12,70.0,68.0,70.0,69.0,69.28,125570.0
2016-08-15,71.5,68.0,68.0,70.0,69.96,119180.0
2016-08-16,73.0,69.5,70.5,72.5,71.38,216580.0
2016-08-17,75.0,72.0,72.5,74.5,73.86,243150.0
2016-08-18,74.5,73.0,74.5,73.5,73.38,109170.0
2016-08-19,73.5,71.0,73.5,72.0,72.07,292690.0
2016-08-22,72.0,70.0,72.0,70.0,70.71,182140.0
2016-08-23,71.0,69.5,70.0,71.0,70.18,179120.0
2016-08-24,71.0,68.0,70.0,68.0,69.56,308306.0
2016-08-25,69.0,66.5,68.0,67.0,67.5,172160.0
2016-08-26,69.5,67.0,67.0,68.5,68.65,87070.0
2016-08-29,69.0,66.5,69.0,66.5,67.59,115960.0
2016-08-30,68.0,66.5,66.5,67.0,67.26,47820.0
2016-08-31,70.5,67.0,67.5,70.5,69.14,174390.0
2016-09-01,70.5,69.0,70.5,69.5,69.85,77360.0
2016-09-05,70.5,69.5,70.0,70.5,69.93,74250.0
2016-09-06,73.5,70.5,70.5,73.0,72.55,249910.0
2016-09-07,73.5,71.5,73.5,72.5,72.67,925010.0
2016-09-08,74.0,72.5,72.5,73.5,73.71,110410.0
2016-09-09,73.5,72.0,73.5,72.5,72.73,140070.0
2016-09-12,72.5,68.0,72.0,70.3,71.03,85330.0
2016-09-13,71.0,68.8,70.2,70.0,69.65,104390.0
2016-09-14,70.0,68.6,69.5,68.6,69.09,107830.0
2016-09-15,71.0,68.7,69.4,70.3,69.87,139176.0
2016-09-16,70.3,69.0,70.0,70.1,69.9,81000.0
2016-09-19,72.4,70.0,70.0,71.4,71.57,130140.0
2016-09-20,73.2,71.9,72.2,72.0,72.47,145900.0
2016-09-21,73.2,72.0,72.0,72.5,72.78,110210.0
2016-09-22,75.9,73.5,73.5,75.0,74.88,302560.0
2016-09-23,75.6,74.4,74.5,75.0,75.16,190770.0
2016-09-26,77.5,75.0,76.5,76.6,76.17,248300.0
2016-09-27,77.3,76.6,76.6,76.9,76.81,110040.0
2016-09-28,77.0,75.6,77.0,76.0,76.14,269740.0
2016-09-29,76.6,75.5,76.0,76.1,76.09,228980.0
2016-09-30,76.2,75.0,76.0,75.0,75.73,135530.0
2016-10-03,75.0,74.2,75.0,74.5,74.59,146340.0
2016-10-04,76.4,74.5,74.5,75.0,75.31,121000.0
2016-10-05,76.3,75.2,75.2,76.0,75.83,274770.0
2016-10-06,77.8,76.0,76.0,76.5,77.03,280130.0
2016-10-07,76.9,74.8,76.8,75.0,75.25,105230.0
2016-10-10,75.5,73.1,75.5,73.2,74.27,156860.0
2016-10-11,73.5,70.1,73.2,72.9,71.98,203880.0
2016-10-12,73.3,71.5,73.3,73.0,72.604,61880.0
2016-10-13,73.0,72.5,73.0,72.7,72.83,52330.0
2016-10-14,74.5,72.5,72.7,73.8,73.71,79270.0
2016-10-17,74.9,74.0,74.0,74.4,74.4,73620.0
2016-10-18,75.8,74.4,74.5,75.0,75.22,127400.0
2016-10-19,75.8,74.5,75.8,74.5,74.95,70170.0
2016-10-20,74.7,72.0,74.5,73.0,73.46,66230.0
2016-10-21,73.5,71.5,73.5,72.0,72.17,131610.0
2016-10-24,72.0,70.0,72.0,70.0,70.88,102880.0
2016-10-25,70.0,67.5,70.0,68.1,68.49,145680.0
2016-10-26,69.5,67.9,68.1,69.0,68.59,103910.0
2016-10-27,70.0,68.5,70.0,69.0,68.99,59470.0
2016-10-28,69.5,68.6,69.5,68.8,68.86,37330.0
2016-10-31,69.1,67.0,69.0,68.0,68.41,108550.0
2016-11-01,68.5,67.8,68.5,68.2,68.04,94750.0
2016-11-02,69.0,68.0,68.6,68.0,68.21,79260.0
2016-11-03,69.2,67.8,68.4,69.1,68.29,125520.0
2016-11-04,69.5,68.2,69.5,69.0,68.77,18820.0
2016-11-07,69.1,68.5,69.0,68.5,68.8,80830.0
2016-11-08,69.0,68.0,68.9,68.4,68.48,83050.0
2016-11-09,73.0,67.8,68.0,73.0,70.73,496070.0
2016-11-10,72.2,71.0,71.5,72.0,71.82,156620.0
2016-11-11,71.2,70.5,71.2,70.5,70.81,41950.0
2016-11-14,70.0,68.5,70.0,68.6,69.21,134860.0
2016-11-15,70.0,68.2,68.3,68.6,68.65,66910.0
2016-11-16,69.7,68.4,68.4,69.0,69.01,49900.0
2016-11-17,69.5,68.8,69.3,69.3,69.03,80870.0
2016-11-18,69.3,68.5,69.0,69.0,68.87,126860.0
2016-11-21,69.5,68.8,69.0,69.2,69.23,89940.0
2016-11-22,69.9,69.0,69.9,69.6,69.3,138720.0
2016-11-23,69.6,68.8,69.5,69.1,69.16,78520.0
2016-11-24,70.5,68.9,68.9,70.3,69.35,117530.0
2016-11-25,70.5,69.5,70.5,70.0,69.94,39090.0
2016-11-28,70.0,68.0,70.0,69.6,69.22,80540.0
2016-11-29,69.1,66.0,69.0,66.9,67.34,326690.0
2016-11-30,68.9,65.2,65.2,68.9,66.63,164440.0
2016-12-01,70.0,69.0,69.0,69.0,69.63,219010.0
2016-12-02,70.5,68.5,69.0,69.1,69.34,118650.0
2016-12-05,69.3,68.5,69.0,69.1,69.12,33020.0
2016-12-06,69.3,68.8,69.1,68.9,69.04,74350.0
2016-12-07,69.1,68.4,68.9,68.9,68.74,65020.0
2016-12-08,69.0,68.1,69.0,68.2,68.61,56270.0
2016-12-09,69.3,68.3,68.7,68.9,69.0,1354030.0
2016-12-12,68.0,65.3,65.5,65.5,66.12,245150.0
2016-12-13,66.4,65.2,65.5,66.0,65.94,58380.0
2016-12-14,68.0,66.0,66.0,67.9,67.48,93270.0
2016-12-15,68.5,67.2,67.9,68.3,67.96,52140.0
2016-12-16,68.5,68.0,68.5,68.3,68.13,33980.0
2016-12-19,68.4,67.5,68.0,68.0,67.95,53490.0
2016-12-20,68.3,67.6,68.2,68.0,68.12,179830.0
2016-12-21,68.3,67.9,68.3,68.1,68.0,1294110.0
2016-12-22,67.8,67.0,67.8,67.6,67.26,74070.0
2016-12-23,67.6,67.1,67.5,67.5,67.42,19760.0
2016-12-26,67.5,66.9,67.5,67.0,67.06,116000.0
2016-12-27,67.2,66.3,67.2,67.0,66.64,40140.0
2016-12-28,67.0,66.4,67.0,66.6,66.56,28420.0
2016-12-29,66.7,66.0,66.3,66.5,66.23,52740.0
2016-12-30,66.7,66.3,66.5,66.5,66.44,45140.0
2017-01-03,66.9,66.3,66.5,66.7,66.65,144950.0
2017-01-04,67.0,66.3,66.5,66.9,66.71,30070.0
2017-01-05,67.5,67.0,67.5,67.0,67.14,27000.0
2017-01-06,68.9,67.0,67.0,68.9,68.03,167450.0
2017-01-09,69.9,68.9,69.0,69.9,69.62,90680.0
2017-01-10,69.9,69.3,69.8,69.8,69.66,48550.0
2017-01-11,69.9,69.4,69.6,69.4,69.67,64810.0
2017-01-12,69.9,69.4,69.5,69.4,69.53,63440.0
2017-01-13,69.4,69.1,69.4,69.1,69.29,35430.0
2017-01-16,69.5,68.0,69.5,68.8,68.91,57800.0
2017-01-17,69.0,68.5,68.9,68.6,68.81,47100.0
2017-01-18,69.0,68.7,68.8,68.9,68.8,40940.0
2017-01-19,69.3,68.7,68.7,68.9,68.94,80660.0
2017-01-20,69.4,68.5,68.9,68.9,68.67,10420.0
2017-01-23,68.9,68.5,68.9,68.9,68.65,15390.0
2017-01-24,68.9,67.2,68.8,68.6,67.95,38470.0
2017-01-25,69.3,68.5,68.5,69.0,68.85,35390.0
2017-02-02,70.7,69.0,69.0,70.5,69.96,47710.0
2017-02-03,70.6,70.0,70.1,70.1,70.27,43460.0
2017-02-06,71.4,70.1,70.3,71.2,70.88,188310.0
2017-02-07,73.2,71.3,71.9,72.6,72.74,343828.0
2017-02-08,74.3,72.9,73.0,73.0,73.12,138730.0
2017-02-09,73.9,72.4,73.0,72.4,73.0,111830.0
2017-02-10,74.9,72.4,72.5,74.1,73.91,188290.0
2017-02-13,75.6,74.0,74.6,75.5,74.94,168530.0
2017-02-14,76.0,74.5,76.0,75.1,75.16,107530.0
2017-02-15,75.5,74.5,75.0,74.9,75.02,59030.0
2017-02-16,76.3,74.2,75.1,74.2,75.34,161120.0
2017-02-17,75.0,73.2,74.2,75.0,74.1,145080.0
2017-02-20,78.4,75.2,75.2,78.4,77.38,254450.0
2017-02-21,79.9,77.7,78.7,77.7,78.39,100290.0
2017-02-22,78.4,76.4,78.0,76.9,77.38,123850.0
2017-02-23,77.0,75.0,77.0,75.8,76.18,125470.0
2017-02-24,76.5,75.0,75.5,76.2,75.65,127600.0
2017-02-27,77.7,75.6,76.5,77.5,76.88,118130.0
2017-02-28,79.5,75.0,77.5,75.0,77.79,142760.0
2017-03-01,76.5,74.5,75.0,75.5,75.5,96930.0
2017-03-02,76.5,75.5,75.5,76.1,75.83,36160.0
2017-03-03,77.3,75.5,75.5,76.8,76.43,98530.0
2017-03-06,78.0,76.3,76.8,76.3,77.02,65930.0
2017-03-07,77.3,76.0,76.3,76.5,76.51,66940.0
2017-03-08,77.8,76.3,76.5,77.8,77.41,100020.0
2017-03-09,79.4,77.5,78.0,78.9,78.7,291250.0
2017-03-10,79.6,78.0,79.0,78.6,79.09,151140.0
2017-03-13,78.6,76.8,78.6,77.5,77.35,46100.0
2017-03-14,78.0,77.1,77.7,77.8,77.49,95460.0
2017-03-15,78.0,76.4,78.0,76.7,77.03,194590.0
2017-03-16,76.9,75.8,76.7,75.8,76.04,140210.0
2017-03-17,76.7,75.5,75.8,76.2,76.11,89680.0
2017-03-20,76.9,76.0,76.9,76.9,76.24,66420.0
2017-03-21,76.9,76.1,76.9,76.9,76.4,23010.0
2017-03-22,76.8,74.6,76.8,74.6,75.73,81070.0
2017-03-23,75.2,74.4,74.6,74.5,74.75,112910.0
2017-03-24,74.8,74.4,74.5,74.6,74.5,46910.0
2017-03-27,74.6,73.7,74.6,73.7,74.02,103690.0
2017-03-28,74.0,73.2,73.6,73.7,73.57,61470.0
2017-03-29,75.9,73.6,73.7,75.6,74.77,55510.0
2017-03-30,76.5,74.6,76.0,75.0,75.36,23220.0
2017-03-31,75.9,75.0,75.9,75.8,75.47,30220.0
2017-04-03,75.8,74.0,75.6,74.1,74.63,89640.0
2017-04-04,74.5,73.9,74.1,74.1,74.03,63730.0
2017-04-05,74.7,74.0,74.7,74.0,74.02,18620.0
2017-04-07,74.5,73.9,74.0,74.4,74.21,39660.0
2017-04-10,76.2,74.5,74.8,76.0,75.36,79280.0
2017-04-11,76.9,75.6,76.3,76.9,76.18,73580.0
2017-04-12,78.0,76.2,77.0,76.9,77.21,89170.0
2017-04-13,77.9,76.9,76.9,77.5,77.47,112230.0
2017-04-14,78.3,75.5,78.3,76.4,76.98,78000.0
2017-04-17,76.5,74.5,76.5,74.8,75.14,42350.0
2017-04-18,75.5,74.5,74.8,75.4,74.89,46470.0
2017-04-19,80.6,76.8,77.5,80.6,79.38,561970.0
2017-04-20,84.5,82.0,84.5,82.6,83.14,353550.0
2017-04-21,84.0,81.3,82.6,84.0,82.49,598780.0
2017-04-24,87.7,83.0,83.5,87.3,85.55,442480.0
2017-04-25,87.9,86.0,87.0,86.0,86.95,114320.0
2017-04-26,87.5,86.0,86.0,86.5,86.9,156480.0
2017-04-27,89.5,86.5,86.7,89.0,88.3,515120.0
2017-04-28,88.8,87.5,88.4,87.9,88.12,3889400.0
2017-05-03,91.5,87.0,87.9,91.0,89.59,260800.0
2017-05-04,93.0,90.0,90.1,92.9,91.9,450980.0
2017-05-05,95.5,92.0,92.9,94.8,93.97,245810.0
2017-05-08,97.4,90.8,96.4,95.0,94.96,344970.0
2017-05-09,96.0,93.9,93.9,95.2,94.84,1180576.0
2017-05-10,95.5,92.0,95.2,92.0,93.41,323930.0
2017-05-11,91.7,90.0,91.1,90.1,90.46,245670.0
2017-05-12,92.9,89.8,90.0,91.8,91.36,136910.0
2017-05-15,94.9,91.2,91.2,93.4,93.69,116210.0
2017-05-16,93.8,90.5,93.1,90.5,92.21,497160.0
2017-05-17,92.5,91.0,91.5,92.1,92.02,342600.0
2017-05-18,96.0,91.9,92.1,92.5,94.45,198010.0
2017-05-19,94.5,92.7,92.7,93.6,93.54,55000.0
2017-05-22,95.5,93.6,94.4,94.0,94.41,676520.0
2017-05-23,94.4,93.3,94.0,94.0,93.7,151810.0
2017-05-24,99.0,94.5,95.0,97.9,97.167,911730.0
2017-05-25,98.0,95.5,97.9,95.9,96.47,216030.0
2017-05-26,97.5,95.9,95.9,97.0,96.8,86860.0
2017-05-29,97.3,95.2,97.0,96.5,96.14,163740.0
2017-05-30,96.5,92.0,96.5,95.0,94.73,253070.0
2017-05-31,96.9,94.5,95.0,95.3,95.56,1210790.0
2017-06-01,96.3,95.1,96.3,96.2,95.74,139460.0
2017-06-02,96.3,95.0,96.3,96.0,95.73,56270.0
2017-06-05,96.2,94.7,95.8,95.3,95.26,111650.0
2017-06-06,100.0,95.2,95.7,97.6,97.24,956400.0
2017-06-07,99.5,96.5,98.0,96.9,97.13,1133030.0
2017-06-08,99.5,96.1,96.9,98.2,98.02,1734861.0
2017-06-09,98.8,97.5,97.8,97.9,97.98,477390.0
2017-06-12,97.9,96.2,97.9,96.5,96.82,340640.0
2017-06-13,96.5,94.5,95.1,95.8,95.49,425670.0
2017-06-14,96.4,95.3,95.8,95.3,95.93,565420.0
2017-06-15,96.6,93.8,95.3,96.5,95.21,837390.0
2017-06-16,97.3,95.9,96.8,96.5,96.76,338080.0
2017-06-19,96.8,95.7,96.5,96.0,96.01,295590.0
2017-06-20,96.5,95.3,96.0,96.5,96.2,133140.0
2017-06-21,96.9,96.1,96.2,96.7,96.36,211270.0
2017-06-22,100.0,98.0,98.0,98.3,98.53,570070.0
2017-06-23,104.8,98.0,98.5,102.0,101.11,1690190.0
2017-06-26,106.9,102.8,102.9,104.0,104.11,342730.0
2017-06-27,104.0,102.0,104.0,102.0,102.65,242790.0
2017-06-28,103.0,101.5,102.0,101.9,102.22,308680.0
2017-06-29,103.0,101.8,101.9,102.0,102.18,295150.0
2017-06-30,102.8,101.8,102.0,101.8,102.06,637240.0
2017-07-03,104.4,101.8,102.2,103.5,102.98,751466.0
2017-07-04,103.9,102.3,103.5,103.0,103.05,144730.0
2017-07-05,104.5,101.5,104.3,101.9,102.83,453550.0
2017-07-06,102.3,98.0,102.3,99.0,100.13,707330.0
2017-07-07,101.0,98.1,98.1,99.0,99.05,495050.0
2017-07-10,99.0,95.2,99.0,95.7,97.08,623510.0
2017-07-11,96.5,94.6,95.7,95.6,95.22,570600.0
2017-07-12,98.2,95.3,95.6,98.0,97.3,372190.0
2017-07-13,98.2,96.5,98.2,97.3,97.17,111760.0
2017-07-14,98.0,96.7,97.3,97.3,97.42,189370.0
2017-07-17,97.5,95.8,97.0,96.0,96.79,232820.0
2017-07-18,97.0,95.5,95.5,95.9,96.2,197410.0
2017-07-19,97.8,96.0,96.3,96.8,96.75,135920.0
2017-07-20,98.0,96.6,97.0,97.3,97.12,293750.0
2017-07-21,97.8,96.1,97.8,96.9,97.19,175940.0
2017-07-24,97.2,96.0,96.0,97.2,97.0,116100.0
2017-07-25,97.8,97.0,97.0,97.4,97.15,193000.0
2017-07-26,101.5,98.0,98.0,101.5,99.81,623840.0
2017-07-27,103.5,100.8,101.5,101.0,102.09,316740.0
2017-07-28,103.5,101.0,101.0,103.1,102.69,221370.0
2017-07-31,104.5,102.6,104.0,103.9,103.57,1026701.0
2017-08-01,106.3,104.5,104.6,105.0,105.32,644940.0
2017-08-02,105.2,103.5,105.0,104.0,104.55,204310.0
2017-08-03,106.4,103.3,103.3,105.2,105.49,422670.0
2017-08-04,107.9,105.3,105.3,107.5,107.05,382180.0
2017-08-07,109.2,107.5,108.0,107.5,108.27,268030.0
2017-08-08,107.9,105.2,107.5,105.2,106.17,278550.0
2017-08-09,105.1,102.0,104.7,103.0,103.57,512320.0
2017-08-10,104.7,102.6,102.6,104.1,103.68,207590.0
2017-08-11,105.9,103.6,104.7,105.0,104.74,172270.0
2017-08-14,106.0,105.0,105.0,105.5,105.43,96390.0
2017-08-15,107.5,105.5,105.7,106.4,106.57,209890.0
2017-08-16,106.4,105.1,106.4,105.3,105.59,117000.0
2017-08-17,105.5,104.0,105.5,104.2,104.61,114060.0
2017-08-18,105.5,103.0,103.5,104.8,104.03,165470.0
2017-08-21,105.2,104.0,104.7,104.5,104.69,117190.0
2017-08-22,105.0,103.2,104.1,103.7,104.14,123130.0
2017-08-23,104.0,102.5,104.0,103.7,103.03,147250.0
2017-08-24,104.9,103.0,103.7,104.6,104.21,103750.0
2017-08-25,105.0,103.6,105.0,104.0,104.15,131210.0
2017-08-28,106.6,103.8,104.0,105.0,105.01,221110.0
2017-08-29,107.0,105.6,106.4,105.7,106.17,213400.0
2017-08-30,108.5,105.5,105.5,107.5,107.53,238620.0
2017-08-31,108.4,107.0,108.0,107.5,107.65,170810.0
2017-09-01,108.3,107.5,107.9,108.0,107.88,178380.0
2017-09-05,108.5,107.6,108.0,107.6,108.05,143660.0
2017-09-06,108.0,106.8,107.8,107.0,107.25,171220.0
2017-09-07,107.9,107.0,107.0,107.5,107.51,98480.0
2017-09-08,109.9,107.6,108.0,109.6,109.06,243200.0
2017-09-11,111.5,108.5,109.6,109.2,110.04,248500.0
2017-09-12,109.9,108.8,109.2,109.6,109.4,171240.0
2017-09-13,112.9,109.6,109.6,111.6,111.36,333350.0
2017-09-14,112.7,111.3,112.5,111.5,111.93,166430.0
2017-09-15,112.0,110.6,111.5,112.0,111.6,93030.0
2017-09-18,113.5,112.0,112.9,112.7,112.87,156690.0
2017-09-19,115.0,112.7,112.7,114.0,113.88,219100.0
2017-09-20,115.5,114.0,114.0,114.3,114.59,147810.0
2017-09-21,115.9,114.5,115.2,114.6,115.04,219060.0
2017-09-22,115.5,113.9,114.9,114.4,114.65,262280.0
2017-09-25,115.6,114.2,114.3,115.0,115.05,111570.0
2017-09-26,115.7,114.6,115.0,114.8,114.97,150590.0
2017-09-27,114.8,112.0,114.4,112.1,113.08,445370.0
2017-09-28,113.0,111.5,112.1,112.7,112.16,240310.0
2017-09-29,113.8,112.2,112.7,113.8,113.09,76040.0
2017-10-02,114.4,113.0,113.8,113.1,113.61,124470.0
2017-10-03,114.8,112.5,113.0,113.9,113.62,235430.0
2017-10-04,114.4,113.8,114.2,113.9,114.06,75800.0
2017-10-05,114.3,111.6,114.1,111.6,112.47,462940.0
2017-10-06,112.1,110.2,111.4,110.5,110.93,409370.0
2017-10-09,111.5,110.5,111.0,110.9,110.96,225550.0
2017-10-10,113.5,110.3,110.3,113.5,112.17,175830.0
2017-10-11,114.3,112.0,113.4,112.0,112.73,430130.0
2017-10-12,111.0,108.0,111.0,108.9,109.25,894060.0
2017-10-13,109.1,105.6,108.9,109.1,107.03,799500.0
2017-10-16,110.9,108.7,109.5,109.9,109.82,270580.0
2017-10-17,110.9,109.3,109.3,110.5,110.05,250920.0
2017-10-18,111.3,109.6,110.0,111.3,110.62,331670.0
2017-10-19,111.5,109.5,111.3,110.5,110.49,93460.0
2017-10-20,111.4,109.0,110.5,109.0,110.31,184910.0
2017-10-23,109.0,106.3,108.0,106.9,107.27,227440.0
2017-10-24,108.0,106.7,106.9,107.1,107.22,123800.0
2017-10-25,108.3,107.1,107.1,107.2,107.56,139000.0
2017-10-26,107.6,106.8,107.2,106.9,107.14,136070.0
2017-10-27,108.6,106.9,106.9,107.5,107.89,148280.0
2017-10-30,109.0,107.6,108.0,108.1,108.51,190440.0
2017-10-31,108.1,107.2,108.0,107.6,107.76,107730.0
2017-11-01,108.5,107.3,107.3,107.9,107.88,129000.0
2017-11-02,108.0,102.0,107.9,103.6,105.21,690570.0
2017-11-03,105.0,103.5,103.6,105.0,104.19,126030.0
2017-11-06,108.0,105.0,105.0,108.0,106.73,185770.0
2017-11-07,108.0,107.2,107.9,107.7,107.66,147300.0
2017-11-08,109.0,107.7,107.7,109.0,108.25,192550.0
2017-11-09,111.5,109.5,110.0,110.4,110.44,298600.0
2017-11-10,111.2,109.6,109.6,110.9,110.76,153350.0
2017-11-13,118.6,110.6,111.0,118.6,115.37,716480.0
2017-11-14,122.0,117.0,120.0,120.0,119.82,580890.0
2017-11-15,121.7,118.8,120.0,119.4,119.54,306290.0
2017-11-16,121.4,118.0,119.4,119.5,119.5,587280.0
2017-11-17,120.9,116.1,120.5,116.2,117.45,1090260.0
2017-11-20,118.5,116.1,117.0,118.0,117.43,311370.0
2017-11-21,119.4,117.5,119.0,117.6,118.21,263010.0
2017-11-22,121.0,117.6,118.5,121.0,119.77,743750.0
2017-11-23,124.0,121.1,122.0,122.9,122.72,562760.0
2017-11-24,124.5,121.0,122.0,123.4,123.26,289140.0
2017-11-27,124.5,121.6,124.0,122.0,123.03,583877.0
2017-11-28,122.9,120.7,122.0,121.4,121.39,407880.0
2017-11-29,122.5,121.1,121.6,122.0,121.81,180710.0
2017-11-30,125.4,122.2,123.8,124.6,123.93,329970.0
2017-12-01,127.0,124.6,124.6,127.0,126.25,291940.0
2017-12-04,128.0,126.2,127.0,127.0,126.99,256930.0
2017-12-05,127.5,125.0,127.0,125.0,126.05,468260.0
2017-12-06,126.0,123.7,124.6,125.0,124.69,480400.0
2017-12-07,126.2,122.6,126.0,122.6,123.95,274350.0
2017-12-08,124.0,122.6,122.6,123.5,123.01,246170.0
2017-12-11,125.7,122.5,123.5,123.0,123.93,163830.0
2017-12-12,125.0,117.0,124.0,123.5,121.63,349730.0
2017-12-13,124.7,121.5,123.5,122.0,122.22,322040.0
2017-12-14,126.0,121.6,121.6,126.0,123.76,233910.0
2017-12-15,131.0,125.3,126.1,131.0,128.65,517860.0
2017-12-18,133.5,129.7,132.0,131.0,131.19,542880.0
2017-12-19,131.0,129.6,131.0,130.9,130.2,317400.0
2017-12-20,132.0,130.5,131.4,131.5,131.09,244000.0
2017-12-21,134.7,131.6,132.0,133.0,133.48,273660.0
2017-12-22,133.0,130.9,132.0,130.9,131.72,326190.0
2017-12-25,132.0,130.5,131.5,131.0,131.29,197100.0
2017-12-26,133.0,131.0,131.2,131.7,132.0,159460.0
2017-12-27,133.0,131.7,132.0,132.3,132.19,234490.0
2017-12-28,135.1,132.3,132.9,135.1,134.1,276470.0
2017-12-29,137.0,135.4,135.9,137.0,136.52,306890.0
2018-01-02,138.9,133.5,138.9,133.6,134.88,798850.0
2018-01-03,135.0,132.0,133.6,133.0,133.28,765160.0
2018-01-04,135.0,132.4,133.0,134.0,133.66,364810.0
2018-01-05,134.6,132.6,134.0,134.0,133.49,333200.0
2018-01-08,135.5,132.7,134.0,134.6,133.99,225860.0
2018-01-09,135.5,133.6,135.3,133.7,134.24,216780.0
2018-01-10,138.0,134.0,134.0,137.1,136.19,453520.0
2018-01-11,137.0,135.6,137.0,136.3,136.54,148850.0
2018-01-12,136.9,135.0,136.0,136.5,136.3,281300.0
2018-01-15,140.9,135.7,136.5,139.5,138.52,246360.0
2018-01-16,141.5,139.5,141.0,140.9,140.6,514470.0
2018-01-17,141.4,138.0,140.5,138.0,140.1,190050.0
2018-01-18,138.0,134.0,136.1,138.0,136.61,367260.0
2018-01-19,146.9,142.0,146.9,143.0,144.99,888650.0
2018-01-22,146.0,143.0,143.9,145.0,144.83,388760.0
2018-01-25,146.5,145.0,145.0,145.2,145.77,509090.0
2018-01-26,146.5,140.0,145.8,143.5,143.7,267620.0
2018-01-29,144.0,141.0,143.5,141.2,142.73,201200.0
2018-01-30,146.5,139.1,140.0,146.0,143.37,537170.0
2018-01-31,150.5,147.5,149.0,149.0,149.16,232940.0
2018-02-01,152.0,147.0,148.1,149.0,149.17,200350.0
2018-02-02,152.0,149.0,149.0,150.5,150.64,296350.0
2018-02-05,150.9,144.0,147.9,146.0,148.13,5610770.0
2018-02-06,145.0,135.8,135.9,140.9,137.37,1127520.0
2018-02-07,148.0,143.8,145.0,147.6,145.49,378580.0
2018-02-08,150.5,145.3,146.0,146.1,148.58,178900.0
2018-02-09,147.5,139.0,140.0,147.5,142.77,473810.0
2018-02-12,155.0,150.2,151.0,155.0,152.92,311480.0
2018-02-13,160.0,157.0,159.8,159.5,158.78,165670.0
2018-02-21,167.0,159.6,160.0,165.0,163.89,281220.0
2018-02-22,165.6,162.6,165.0,164.0,164.41,225550.0
2018-02-23,171.0,164.5,165.0,170.7,169.01,219270.0
2018-02-26,172.5,165.6,172.0,165.6,167.73,908950.0
2018-02-27,168.0,164.1,166.0,166.8,165.63,295910.0
2018-02-28,167.8,164.9,165.0,166.7,166.26,862700.0
2018-03-01,167.1,164.0,165.0,164.0,165.34,205110.0
2018-03-02,164.5,162.3,162.9,163.3,163.02,372740.0
2018-03-05,170.0,162.9,162.9,165.3,166.75,277370.0
2018-03-06,172.0,163.5,166.0,172.0,169.27,410770.0
2018-03-07,175.0,167.5,172.7,170.5,171.48,306440.0
2018-03-08,174.0,170.5,171.9,173.9,172.89,447700.0
2018-03-09,177.9,173.5,175.0,173.9,176.03,244160.0
2018-03-12,175.0,172.0,175.0,172.7,172.92,361450.0
2018-03-13,172.5,169.9,172.4,171.3,170.72,182720.0
2018-03-14,174.5,172.1,172.9,172.4,173.22,176450.0
2018-03-15,173.5,171.0,171.0,172.0,172.66,121950.0
2018-03-16,180.0,172.3,172.5,180.0,176.96,547550.0
2018-03-19,184.0,180.0,182.0,182.4,182.02,452320.0
2018-03-20,184.9,179.5,180.1,182.0,182.04,216580.0
2018-03-21,187.0,181.0,182.0,183.0,183.95,197960.0
2018-03-22,185.0,182.0,184.0,184.0,183.41,171280.0
2018-03-23,183.0,180.0,181.0,181.0,181.0,356960.0
2018-03-26,185.3,180.0,180.0,185.3,182.6,304070.0
2018-03-27,191.9,187.0,187.0,188.5,189.36,265690.0
2018-03-28,197.0,189.0,189.0,197.0,194.08,362340.0
2018-03-29,199.9,195.1,197.0,198.0,197.91,295660.0
2018-03-30,207.0,197.0,198.0,206.0,202.55,1318340.0
2018-04-02,208.1,201.0,208.0,204.4,204.5,463110.0
2018-04-03,204.0,201.4,202.6,202.5,202.42,459720.0
2018-04-04,203.0,196.7,203.0,201.4,199.43,905100.0
2018-04-05,204.0,200.2,201.0,200.5,201.69,214640.0
2018-04-06,200.5,194.0,199.0,194.0,196.3,704090.0
2018-04-09,193.0,184.5,192.0,185.0,188.04,758510.0
2018-04-10,193.0,180.5,184.1,193.0,188.0,392000.0
2018-04-11,197.0,187.0,193.0,187.0,192.31,606990.0
2018-04-12,189.0,184.0,186.5,186.3,186.82,246730.0
2018-04-13,190.3,185.8,189.0,186.0,187.88,209370.0
2018-04-16,189.0,184.6,186.0,184.7,186.05,176360.0
2018-04-17,186.7,180.5,184.1,181.5,181.67,245100.0
2018-04-18,184.0,173.0,182.0,175.0,177.67,584820.0
2018-04-19,174.8,163.0,172.0,165.0,169.02,778630.0
2018-04-20,172.4,165.0,165.0,172.4,169.59,259900.0
2018-04-23,178.0,172.0,175.0,174.0,174.61,348310.0
2018-04-24,174.0,168.0,171.0,174.0,170.51,217450.0
2018-04-26,171.9,167.0,171.0,167.0,168.88,335900.0
2018-04-27,175.0,164.0,165.5,171.0,170.38,274310.0
2018-05-02,175.5,169.0,173.0,171.0,172.54,264010.0
2018-05-03,172.0,166.8,170.0,170.0,169.41,217860.0
2018-05-04,172.9,170.0,170.0,171.0,171.23,227490.0
2018-05-07,182.9,173.0,174.0,182.9,178.58,480240.0
2018-05-08,188.0,183.1,183.1,183.1,184.97,480500.0
2018-05-09,184.1,180.5,183.1,182.5,182.83,238370.0
2018-05-10,184.0,177.0,182.5,177.0,180.6,371420.0
2018-05-11,183.0,174.3,176.5,183.0,176.89,492930.0
2018-05-14,186.8,182.5,185.0,186.0,185.01,961360.0
2018-05-15,186.6,184.1,185.5,185.0,185.71,277460.0
2018-05-16,185.0,180.8,183.1,182.0,182.38,357040.0
2018-05-17,183.0,179.5,183.0,181.0,181.3,173660.0
2018-05-18,182.0,175.8,181.5,181.0,178.24,399350.0
2018-05-21,184.0,180.0,183.4,180.0,182.15,166940.0
2018-05-22,180.0,174.0,180.0,176.9,175.9,471620.0
2018-05-23,179.0,174.1,176.9,179.0,176.2,170120.0
2018-05-24,180.0,176.0,179.0,179.0,177.96,102670.0
2018-05-25,178.0,174.0,178.0,174.0,175.49,217470.0
2018-05-28,173.0,161.9,172.0,161.9,164.13,697030.0
2018-05-29,169.0,153.0,161.9,165.0,160.62,634890.0
2018-05-30,165.5,161.0,165.0,162.0,163.01,138810.0
2018-05-31,167.0,159.5,162.0,167.0,163.29,302580.0
2018-06-01,173.0,165.0,165.0,170.7,169.78,260990.0
2018-06-04,173.0,170.1,171.0,173.0,171.67,218140.0
2018-06-05,179.0,173.0,174.0,179.0,175.05,279280.0
2018-06-06,184.9,177.0,180.0,184.9,182.82,408910.0
2018-06-07,186.0,180.5,185.0,183.0,183.2,478220.0
2018-06-08,185.0,181.0,182.0,183.7,183.0,579630.0
2018-06-11,184.9,180.0,182.3,182.0,182.96,312980.0
2018-06-12,180.3,174.0,180.2,178.0,177.46,512380.0
2018-06-13,177.0,170.5,172.1,174.5,172.68,898670.0
2018-06-14,123.0,119.0,120.0,119.0,120.6,881750.0
2018-06-15,122.0,117.8,119.0,119.0,119.41,303200.0
2018-06-18,119.1,113.0,119.0,113.0,115.5,494340.0
2018-06-19,110.0,105.1,109.0,106.0,105.93,1009980.0
2018-06-20,109.0,105.0,109.0,107.0,106.49,535250.0
2018-06-21,107.0,101.8,107.0,103.0,104.02,374200.0
2018-06-22,105.0,97.8,101.0,105.0,100.44,700220.0
2018-06-25,107.4,103.5,105.9,103.5,105.21,638070.0
2018-06-26,102.2,98.8,101.6,102.2,100.19,643090.0
2018-06-27,102.9,97.0,101.1,97.0,99.27,774680.0
2018-06-28,97.9,90.3,97.0,90.3,92.21,931230.0
2018-06-29,91.0,85.7,89.0,87.0,87.3,647150.0
2018-07-02,85.5,81.0,84.5,81.0,82.24,928950.0
2018-07-03,82.0,76.0,80.0,76.0,78.19,895020.0
2018-07-04,81.3,75.0,76.0,81.3,78.62,493240.0
2018-07-05,84.8,78.0,83.8,81.3,81.89,523390.0
2018-07-06,86.5,79.1,80.5,86.5,83.7,469910.0
2018-07-09,87.0,82.5,86.0,82.5,84.69,398130.0
2018-07-10,86.0,82.0,82.5,85.5,83.95,319020.0
2018-07-11,83.9,80.4,82.5,82.5,82.29,476990.0
2018-07-12,84.0,81.0,81.3,82.2,82.6,114410.0
2018-07-13,85.9,83.0,83.0,85.0,84.46,217450.0
2018-07-16,90.5,86.0,86.0,90.3,88.98,574830.0
2018-07-17,94.5,89.1,90.3,93.9,93.23,670960.0
2018-07-18,97.0,92.5,93.7,96.0,94.88,812290.0
2018-07-19,96.8,94.0,96.8,94.0,94.97,657620.0
2018-07-20,95.1,92.0,92.0,95.1,93.99,937410.0
2018-07-23,98.3,95.0,95.9,96.0,96.88,500260.0
2018-07-24,96.0,92.1,96.0,93.1,93.88,425690.0
2018-07-25,95.4,92.0,93.2,92.0,93.73,893040.0
2018-07-26,92.9,89.5,92.0,90.0,90.44,548680.0
2018-07-27,93.5,90.5,91.0,93.5,92.11,368690.0
2018-07-30,96.9,94.1,95.5,96.9,95.73,1458710.0
2018-07-31,96.9,95.3,96.9,96.5,96.1,592600.0
2018-08-01,96.2,93.6,96.0,94.0,94.7,642990.0
2018-08-02,95.5,93.5,93.5,95.5,94.29,285850.0
2018-08-03,97.0,95.2,97.0,95.5,95.98,243290.0
2018-08-06,95.5,93.3,95.5,93.5,94.21,199980.0
2018-08-07,93.5,92.0,93.0,92.1,92.59,203370.0
2018-08-08,93.4,92.0,93.0,92.5,92.5,210480.0
2018-08-09,96.2,92.9,93.0,96.0,94.71,621900.0
2018-08-10,97.6,95.5,95.8,96.0,96.36,440650.0
2018-08-13,97.5,94.7,96.0,97.5,96.32,595460.0
2018-08-14,102.0,97.6,98.5,102.0,99.79,1080220.0
2018-08-15,103.2,98.5,102.0,99.0,100.67,598050.0
2018-08-16,101.0,97.0,97.5,101.0,98.68,486970.0
2018-08-17,102.4,99.0,101.5,99.0,100.79,438540.0
2018-08-20,101.2,98.7,99.0,99.9,99.83,396840.0
2018-08-21,105.0,99.6,100.9,105.0,102.47,803520.0
2018-08-22,105.2,102.8,105.0,103.9,103.93,633200.0
2018-08-23,103.9,102.2,103.0,103.8,103.02,455700.0
2018-08-24,104.7,102.7,103.0,103.9,103.59,393740.0
2018-08-27,105.2,102.7,104.8,103.0,104.02,500450.0
2018-08-28,104.0,102.8,103.9,103.0,103.13,381080.0
2018-08-29,104.6,102.9,103.0,104.1,103.73,526510.0
2018-08-30,106.5,103.1,104.1,106.0,104.97,555710.0
2018-08-31,106.0,103.1,105.9,103.1,104.62,725630.0
2018-09-04,103.4,100.0,102.5,100.0,101.13,879050.0
2018-09-05,99.8,97.0,99.8,97.5,98.6,708970.0
2018-09-06,98.8,96.0,97.5,96.0,97.39,550090.0
2018-09-07,98.4,96.0,96.0,98.2,97.33,444570.0
2018-09-10,99.0,97.7,98.2,98.2,98.27,225430.0
2018-09-11,99.9,97.0,98.0,99.7,98.98,369850.0
2018-09-12,102.1,100.0,100.0,100.5,101.36,495280.0
2018-09-13,102.6,100.5,100.5,101.5,101.4,428650.0
2018-09-14,102.3,101.0,101.5,101.9,101.68,318500.0
2018-09-17,101.9,99.4,101.0,99.9,100.23,665280.0
2018-09-18,99.6,98.4,98.4,99.0,98.9,642400.0
2018-09-19,101.0,98.7,101.0,99.4,99.66,367070.0
2018-09-20,100.2,98.8,100.0,99.4,99.18,411870.0
2018-09-21,101.6,99.4,99.4,101.6,101.01,684370.0
2018-09-24,103.3,102.0,102.9,102.4,102.72,448020.0
2018-09-25,104.2,101.1,102.0,103.5,103.13,663540.0
2018-09-26,103.9,102.5,103.1,102.5,103.22,400590.0
2018-09-27,103.3,101.9,102.5,102.8,102.62,277900.0
2018-09-28,106.2,102.8,102.8,105.5,105.21,1264710.0
2018-10-01,107.5,104.0,105.5,105.1,106.17,603020.0
2018-10-02,106.1,104.6,105.0,104.6,105.11,477400.0
2018-10-03,107.9,104.7,105.4,107.8,106.81,837480.0
2018-10-04,109.7,107.9,108.0,108.0,108.75,954873.0
2018-10-05,109.0,106.5,108.0,106.7,107.62,1090060.0
2018-10-08,107.8,105.6,106.0,106.7,106.79,456800.0
2018-10-09,109.5,107.0,107.4,108.6,108.57,729550.0
2018-10-10,109.7,108.7,109.0,109.7,109.16,468510.0
2018-10-11,106.5,102.2,105.5,102.2,104.45,2522285.0
2018-10-12,105.8,99.7,99.7,105.8,102.63,877550.0
2018-10-15,105.8,102.0,105.8,102.5,103.35,729640.0
2018-10-16,103.9,102.1,102.5,103.6,103.2,397230.0
2018-10-17,105.8,104.0,105.8,104.0,104.86,406450.0
2018-10-18,105.3,103.0,103.6,104.0,104.25,344180.0
2018-10-19,104.5,101.5,102.0,104.2,103.28,490740.0
2018-10-22,105.6,101.5,104.9,101.5,103.09,468070.0
2018-10-23,101.4,97.8,100.7,99.0,99.71,720520.0
2018-10-24,100.5,96.0,99.7,96.0,98.18,615030.0
2018-10-25,96.0,90.5,91.0,94.9,92.49,732890.0
2018-10-26,96.9,92.6,96.9,92.6,94.54,483170.0
2018-10-29,92.8,90.1,92.0,90.1,91.37,347860.0
2018-10-30,92.5,90.1,90.1,91.6,91.76,465990.0
2018-10-31,97.0,93.5,95.0,97.0,94.79,395130.0
2018-11-01,97.6,95.0,96.6,95.0,96.26,405070.0
2018-11-02,98.8,95.5,96.0,98.5,97.07,490040.0
2018-11-05,98.5,96.1,97.5,98.5,97.17,279570.0
2018-11-06,99.8,96.8,99.8,97.0,97.88,281810.0
2018-11-07,97.5,95.5,97.5,96.2,96.28,306160.0
2018-11-08,98.0,96.5,98.0,96.7,96.98,174860.0
2018-11-09,96.7,94.0,96.0,94.0,94.96,388720.0
2018-11-12,95.0,92.8,93.2,95.0,93.98,151340.0
2018-11-13,94.4,93.1,93.5,93.5,93.68,218020.0
2018-11-14,94.1,92.2,93.5,93.5,93.25,516870.0
2018-11-15,94.0,91.9,93.1,92.0,92.44,210550.0
2018-11-16,94.2,92.4,93.0,93.0,93.16,245030.0
2018-11-19,94.9,93.5,93.8,94.9,94.26,298320.0
2018-11-20,96.2,94.4,94.9,95.6,95.26,623060.0
2018-11-21,95.9,94.1,94.9,95.5,94.97,360260.0
2018-11-22,96.7,95.7,95.8,96.4,96.21,316850.0
2018-11-23,96.7,95.1,96.5,95.1,96.11,186930.0
2018-11-26,96.0,94.6,94.9,96.0,95.26,251780.0
2018-11-27,97.2,94.3,96.5,94.5,95.38,400960.0
2018-11-28,95.5,94.0,94.0,95.5,94.57,243550.0
2018-11-29,95.8,91.0,95.5,91.3,93.13,645610.0
2018-11-30,93.3,91.3,91.3,92.1,92.47,279650.0
2018-12-03,95.0,93.6,94.4,94.9,94.46,230370.0
2018-12-04,95.3,94.5,95.0,95.0,94.95,276230.0
2018-12-05,95.7,93.7,94.5,95.4,94.89,287080.0
2018-12-06,96.3,94.5,95.4,96.0,95.8,256150.0
2018-12-07,98.5,95.5,95.5,98.0,97.66,533170.0
2018-12-10,98.0,96.8,97.0,96.8,97.23,206070.0
2018-12-11,97.3,96.5,96.8,97.0,96.89,211990.0
2018-12-12,98.1,96.9,97.0,98.0,97.75,216070.0
2018-12-13,99.5,98.4,98.5,98.9,98.96,305910.0
2018-12-14,99.8,97.9,99.1,98.1,98.74,316090.0
2018-12-17,99.5,96.4,97.6,99.5,98.19,426310.0
2018-12-18,97.5,94.5,96.0,95.8,95.97,3393170.0
2018-12-19,95.8,94.2,95.5,94.2,94.87,216260.0
2018-12-20,95.5,93.9,94.2,94.1,94.54,244990.0
2018-12-21,95.2,93.5,93.5,95.0,94.46,580630.0
2018-12-24,96.1,95.0,95.0,95.2,95.48,114300.0
2018-12-25,94.4,93.0,93.4,93.7,93.64,307360.0
2018-12-26,94.5,93.4,93.7,93.5,93.86,173060.0
2018-12-27,95.5,94.5,95.5,94.8,95.09,146070.0
2018-12-28,94.7,93.2,94.7,93.2,93.98,206530.0
2019-01-02,93.8,92.0,93.2,92.0,92.99,142060.0
2019-01-03,92.7,88.8,92.0,89.0,90.1,398110.0
2019-01-04,90.0,86.4,87.5,90.0,87.46,242880.0
2019-01-07,92.0,90.6,91.5,91.4,91.6,214970.0
2019-01-08,91.4,90.0,91.0,91.0,90.32,132390.0
2019-01-09,91.7,90.5,91.7,91.5,91.29,166090.0
2019-01-10,92.7,91.1,91.7,92.3,92.1,153450.0
2019-01-11,92.6,91.9,92.5,92.5,92.39,237830.0
2019-01-14,92.5,91.5,92.4,91.9,91.77,151770.0
2019-01-15,92.0,91.1,91.1,91.9,91.67,94060.0
2019-01-16,92.4,91.4,92.4,91.7,91.69,92390.0
2019-01-17,91.6,90.0,91.2,90.0,90.74,278850.0
2019-01-18,90.5,89.2,90.5,89.2,89.61,126480.0
2019-01-21,91.9,89.4,89.4,91.7,91.34,162760.0
2019-01-22,91.8,90.6,91.7,90.6,91.23,160140.0
2019-01-23,91.0,90.3,90.3,90.5,90.65,76830.0
2019-01-24,91.2,90.5,90.5,90.7,90.68,70270.0
2019-01-25,92.4,90.7,90.7,92.0,91.72,205020.0
2019-01-28,94.4,92.5,93.0,94.2,93.78,337020.0
2019-01-29,94.6,93.5,94.6,94.0,93.87,92370.0
2019-01-30,94.2,93.6,94.0,93.8,93.98,133150.0
2019-01-31,95.5,94.0,94.0,95.0,94.93,326950.0
2019-02-01,95.5,94.0,95.5,94.6,94.58,223210.0
2019-02-11,97.5,95.6,95.9,97.5,96.86,344550.0
2019-02-12,97.5,96.0,97.5,96.8,96.8,306350.0
2019-02-13,98.5,96.1,96.8,97.6,97.18,379710.0
2019-02-14,98.4,97.1,97.7,97.2,97.67,398610.0
2019-02-15,97.3,96.7,97.3,96.7,96.98,280730.0
2019-02-18,97.3,96.0,97.3,97.3,96.72,268310.0
2019-02-19,99.9,97.3,97.3,97.9,98.78,698600.0
2019-02-20,99.1,97.9,98.2,98.9,98.77,338710.0
2019-02-21,99.5,98.2,99.3,99.0,98.89,290870.0
2019-02-22,99.7,98.1,98.1,99.1,98.82,333910.0
2019-02-25,101.5,99.5,99.5,100.0,100.17,397930.0
2019-02-26,100.5,97.7,100.5,98.2,98.59,359880.0
2019-02-27,99.4,97.8,98.3,98.6,98.3,260850.0
2019-02-28,98.5,96.4,98.5,96.4,97.23,474790.0
2019-03-01,98.5,96.4,96.4,98.5,97.88,235110.0
2019-03-04,101.2,98.8,98.8,100.9,100.65,629820.0
2019-03-05,101.2,99.5,100.8,100.1,100.51,322490.0
2019-03-06,100.9,99.4,99.4,99.9,99.65,198530.0
2019-03-07,100.5,99.5,99.9,99.8,99.83,224060.0
2019-03-08,99.5,98.6,99.0,98.8,98.99,293560.0
2019-03-11,99.5,98.6,99.0,99.5,99.18,177090.0
2019-03-12,101.2,99.6,100.5,99.9,100.29,314170.0
2019-03-13,102.0,99.9,99.9,102.0,101.29,576240.0
2019-03-14,104.2,102.2,102.5,104.2,103.62,414880.0
2019-03-15,104.9,103.1,104.2,104.0,104.22,318000.0
2019-03-18,104.2,103.1,104.0,104.0,103.72,206710.0
2019-03-19,105.0,102.0,105.0,102.3,103.78,274850.0
2019-03-20,103.0,101.0,102.3,101.5,101.84,250190.0
2019-03-21,102.6,100.5,101.5,100.5,101.32,281010.0
2019-03-22,102.5,99.2,100.5,102.2,100.85,470560.0
2019-03-25,101.0,99.0,100.0,99.7,99.85,263520.0
2019-03-26,100.9,99.1,99.7,99.7,99.89,152410.0
2019-03-27,100.5,99.5,99.8,99.9,99.91,128380.0
2019-03-28,99.9,99.1,99.1,99.6,99.39,94860.0
2019-03-29,100.2,98.9,99.6,99.5,99.34,172610.0
2019-04-01,100.5,99.2,99.5,100.3,99.98,198660.0
2019-04-02,100.9,99.2,100.9,99.7,99.87,114830.0
2019-04-03,100.0,98.9,100.0,99.0,99.12,161530.0
2019-04-04,101.0,98.5,99.3,101.0,100.45,508480.0
2019-04-05,101.9,100.5,101.9,100.5,101.25,253480.0
2019-04-08,101.4,100.2,101.0,101.3,100.94,228910.0
2019-04-09,103.7,101.6,101.9,101.6,102.52,630570.0
2019-04-10,101.4,99.8,101.0,99.9,100.25,255050.0
2019-04-11,100.9,99.9,100.9,100.2,100.06,51790.0
2019-04-12,100.0,99.4,99.4,99.6,99.74,110800.0
2019-04-16,99.4,98.5,99.2,98.7,98.81,261580.0
2019-04-17,100.2,98.7,98.8,99.2,99.42,244000.0
2019-04-18,99.2,97.3,99.2,97.3,98.07,195450.0
2019-04-19,98.5,97.3,97.3,97.7,97.65,142320.0
2019-04-22,98.5,97.1,98.0,98.5,97.83,380410.0
2019-04-23,100.0,98.5,98.5,99.8,99.59,317750.0
2019-04-24,100.2,99.6,100.2,100.0,99.88,124360.0
2019-04-25,100.0,99.1,99.8,99.3,99.42,70420.0
2019-04-26,100.2,99.0,99.3,100.1,99.82,194500.0
2019-05-02,103.0,100.2,100.3,103.0,102.04,610080.0
2019-05-03,104.2,102.6,103.0,102.7,103.2,369240.0
2019-05-06,102.0,100.0,101.3,101.9,100.98,432670.0
2019-05-07,102.1,100.9,102.0,101.6,101.71,169030.0
2019-05-08,101.6,100.2,100.2,101.0,101.13,200610.0
2019-05-09,101.3,99.5,100.6,99.8,100.47,655930.0
2019-05-10,101.0,99.6,100.5,100.5,100.21,183020.0
2019-05-13,100.8,100.3,100.5,100.8,100.59,159350.0
2019-05-14,101.5,100.5,100.9,100.9,100.84,359390.0
2019-05-15,102.8,100.9,101.0,102.5,102.13,1053400.0
2019-05-16,103.6,102.9,103.1,102.9,103.15,361760.0
2019-05-17,103.0,102.3,103.0,102.5,102.52,245590.0
2019-05-20,108.0,102.3,102.9,108.0,105.36,1263740.0
2019-05-21,108.1,106.0,108.0,106.4,106.95,950470.0
2019-05-22,109.0,106.4,106.4,107.4,108.0,635850.0
2019-05-23,109.5,106.3,107.5,109.5,107.56,670520.0
2019-05-24,110.3,107.5,108.6,107.5,108.8,586190.0
2019-05-27,107.9,106.0,106.5,106.0,106.46,2952500.0
2019-05-28,108.9,106.5,106.5,108.3,107.36,429790.0
2019-05-29,108.6,106.0,108.6,106.7,107.12,1241420.0
2019-05-30,107.5,106.2,106.7,106.2,106.77,329610.0
2019-05-31,106.2,103.1,106.0,103.1,104.79,787930.0
2019-06-03,103.0,100.5,102.6,100.8,101.73,1102080.0
2019-06-04,102.3,100.8,100.8,100.9,101.31,486050.0
2019-06-05,78.4,77.0,77.5,77.0,77.7,500760.0
2019-06-06,77.7,76.2,77.7,77.0,76.64,302820.0
2019-06-07,78.8,77.1,77.4,78.8,78.09,347690.0
2019-06-10,79.6,78.6,79.4,78.8,79.06,350190.0
2019-06-11,79.3,78.3,78.8,78.9,78.89,432400.0
2019-06-12,78.5,76.7,78.0,76.7,77.48,847940.0
2019-06-13,76.3,74.7,76.2,74.7,75.32,529700.0
2019-06-14,75.6,74.1,74.7,74.2,74.71,303500.0
2019-06-17,74.5,72.2,74.2,72.2,72.93,776780.0
2019-06-18,73.0,71.0,72.2,71.5,71.93,461990.0
2019-06-19,72.5,71.6,72.0,71.8,72.0,258360.0
2019-06-20,74.1,72.0,72.0,73.7,73.47,594660.0
2019-06-21,75.0,73.9,74.2,74.2,74.42,334200.0
2019-06-24,74.5,73.6,74.0,73.6,73.92,259110.0
2019-06-25,73.8,72.6,73.7,72.7,73.07,357000.0
2019-06-26,73.2,72.5,72.5,72.8,72.94,243340.0
2019-06-27,73.2,72.0,72.9,72.0,72.5,264660.0
2019-06-28,73.0,71.8,72.0,73.0,72.39,385570.0
2019-07-01,74.4,73.1,73.2,74.3,73.92,412650.0
2019-07-02,74.9,74.0,74.3,74.8,74.53,416150.0
2019-07-03,74.8,73.7,74.8,73.7,74.07,275670.0
2019-07-04,74.8,73.9,74.0,74.5,74.49,340040.0
2019-07-05,75.0,74.2,74.9,74.5,74.5,270730.0
2019-07-08,74.5,73.3,74.5,73.7,73.83,326330.0
2019-07-09,74.0,73.5,73.5,73.6,73.77,176430.0
2019-07-10,74.0,73.0,73.6,73.0,73.31,497130.0
2019-07-11,73.6,73.0,73.2,73.0,73.22,316780.0
2019-07-12,74.0,72.9,73.0,73.6,73.24,960600.0
2019-07-15,74.6,73.6,73.6,74.4,74.31,477536.0
2019-07-16,75.7,74.7,74.7,74.7,75.23,508210.0
2019-07-17,74.9,74.2,74.6,74.2,74.48,301370.0
2019-07-18,74.0,73.2,74.0,73.3,73.57,518320.0
2019-07-19,74.8,73.0,73.4,74.0,73.78,443090.0
2019-07-22,77.0,73.3,73.5,77.0,75.85,1246490.0
2019-07-23,77.8,76.1,76.2,77.5,77.12,653120.0
2019-07-24,77.6,76.5,77.2,76.7,77.01,571240.0
2019-07-25,78.6,76.1,76.7,78.2,77.39,831900.0
2019-07-26,78.4,77.5,78.0,78.2,78.2,460430.0
2019-07-29,78.2,76.6,78.2,77.8,77.44,403760.0
2019-07-30,77.8,76.3,77.7,76.3,76.93,505650.0
2019-07-31,77.0,76.2,76.3,76.8,76.67,340292.0
2019-08-01,78.8,76.0,76.5,78.2,77.53,707670.0
2019-08-02,80.4,77.2,77.5,80.4,79.19,1206300.0
2019-08-05,81.5,80.0,80.5,80.7,80.86,890440.0
2019-08-06,84.4,79.5,79.5,83.8,82.03,1533680.0
2019-08-07,86.6,83.5,83.8,86.6,84.59,2213610.0
2019-08-08,87.7,84.8,87.4,84.8,86.41,1177160.0
2019-08-09,85.9,83.8,84.7,84.2,84.81,855050.0
2019-08-12,86.3,84.4,84.4,85.7,85.6,875920.0
2019-08-13,87.9,85.9,86.2,87.0,87.01,1012910.0
2019-08-14,86.9,84.8,86.5,85.7,85.86,1048650.0
2019-08-15,87.4,84.9,85.1,86.6,86.49,883210.0
2019-08-16,89.3,86.0,87.3,86.0,88.02,1448350.0
2019-08-19,86.9,84.0,86.1,84.9,85.17,1030960.0
2019-08-20,85.9,83.9,85.0,85.8,84.51,1156390.0
2019-08-21,87.2,85.5,86.4,85.6,86.2,901880.0
2019-08-22,85.6,83.5,85.6,83.5,84.37,1256420.0
2019-08-23,83.6,82.4,83.3,82.8,82.87,974700.0
2019-08-26,85.7,83.5,84.8,83.8,84.45,961910.0
2019-08-27,84.8,82.8,83.8,83.2,83.63,651280.0
2019-08-28,83.4,81.4,83.4,81.4,82.16,888182.0
2019-08-29,82.4,80.5,81.0,81.9,81.44,554070.0
2019-08-30,82.6,81.5,82.0,82.2,82.08,345760.0
2019-09-03,83.3,82.1,82.2,82.4,82.55,358910.0
2019-09-04,82.7,81.5,82.4,82.5,82.25,485720.0
2019-09-05,83.0,81.3,82.5,81.4,81.92,333990.0
2019-09-06,81.6,80.5,81.6,81.0,80.79,551650.0
2019-09-09,81.0,79.6,81.0,80.4,80.05,752600.0
2019-09-10,80.2,78.1,80.2,78.1,78.89,753240.0
2019-09-11,79.9,78.0,78.3,79.9,78.79,404310.0
2019-09-12,80.6,79.5,80.5,80.4,79.98,416530.0
2019-09-13,82.8,80.0,80.5,82.0,81.71,917470.0
2019-09-16,83.0,82.1,82.7,82.3,82.5,420960.0
2019-09-17,82.5,81.6,82.5,82.0,82.02,1001940.0
2019-09-18,83.5,81.9,82.2,82.4,82.8,614270.0
2019-09-19,82.9,81.7,82.1,82.7,82.21,402590.0
2019-09-20,84.5,82.7,82.7,83.8,83.96,1921660.0
2019-09-23,84.8,83.0,84.2,83.5,84.06,451800.0
2019-09-24,83.5,82.9,83.5,83.0,83.1,339860.0
2019-09-25,82.7,81.6,82.2,82.1,82.1,874570.0
2019-09-26,82.2,80.0,82.0,80.7,80.97,1067510.0
2019-09-27,81.7,80.7,80.7,81.1,81.2,1296830.0
2019-09-30,81.4,80.0,81.1,80.4,80.78,437850.0
2019-10-01,80.4,79.5,80.4,79.5,79.79,749640.0
2019-10-02,81.3,79.5,79.5,80.6,80.43,459560.0
2019-10-03,81.4,79.8,80.6,80.9,80.85,351600.0
2019-10-04,81.1,80.3,80.8,80.3,80.61,303690.0
2019-10-07,80.3,79.0,80.3,79.0,79.6,401070.0
2019-10-08,79.8,79.0,79.0,79.7,79.38,250400.0
2019-10-09,79.9,79.1,79.9,79.1,79.51,256400.0
2019-10-10,79.6,79.1,79.1,79.1,79.24,264760.0
2019-10-11,80.4,79.1,79.1,80.0,79.69,202830.0
2019-10-14,80.9,79.5,80.2,80.0,80.14,203660.0
2019-10-15,80.4,79.7,80.0,80.0,79.97,993660.0
2019-10-16,81.9,79.6,80.0,81.9,80.96,1231520.0
2019-10-17,83.1,82.1,82.3,82.7,82.7,997760.0
2019-10-18,83.5,82.1,83.5,82.4,82.7,458730.0
2019-10-21,82.4,81.0,82.4,82.0,81.7,842250.0
2019-10-22,83.2,81.3,82.0,83.0,82.38,756840.0
2019-10-23,83.7,82.7,83.5,82.8,83.01,229770.0
2019-10-24,83.8,82.8,83.2,83.7,83.52,654270.0
2019-10-25,84.3,83.0,83.8,83.2,83.45,598730.0
2019-10-28,84.2,83.1,83.1,83.5,83.79,472046.0
2019-10-29,83.8,82.6,83.5,82.6,83.27,415020.0
2019-10-30,83.2,82.2,82.5,83.0,82.78,339360.0
2019-10-31,84.3,82.5,83.0,83.3,83.38,430070.0
2019-11-01,83.9,83.0,83.3,83.3,83.43,1016040.0
2019-11-04,85.7,83.4,83.7,85.6,84.62,1385820.0
2019-11-05,86.0,84.9,86.0,85.2,85.3,935430.0
2019-11-06,85.5,84.7,84.9,85.0,85.13,303670.0
2019-11-07,85.5,84.7,85.0,85.2,85.03,446870.0
2019-11-08,86.3,84.9,85.3,85.7,85.74,658550.0
2019-11-11,85.9,84.6,85.9,84.7,85.09,432540.0
2019-11-12,85.3,84.2,84.4,85.3,84.91,453130.0
2019-11-13,86.0,85.1,85.4,86.0,85.48,781130.0
2019-11-14,86.9,84.4,86.2,85.0,85.64,745710.0
2019-11-15,85.7,84.8,84.8,85.3,85.37,406810.0
2019-11-18,85.6,84.4,85.0,84.4,84.89,543760.0
2019-11-19,84.7,83.1,84.7,84.5,83.69,642680.0
2019-11-20,84.7,83.4,84.7,83.4,83.71,508170.0
2019-11-21,84.0,82.5,83.0,82.5,82.97,697900.0
2019-11-22,83.5,81.0,83.2,81.6,82.36,603630.0
2019-11-25,82.9,81.4,81.6,82.9,82.16,312850.0
2019-11-26,83.5,82.9,83.3,83.3,83.15,235110.0
2019-11-27,83.5,82.3,83.3,82.3,82.83,202300.0
2019-11-28,82.6,81.0,82.3,81.1,81.61,464090.0
2019-11-29,81.5,80.0,81.1,81.2,80.94,263740.0
2019-12-02,81.8,80.0,81.8,80.0,80.69,389850.0
2019-12-03,81.0,78.5,79.0,81.0,79.74,1481426.0
2019-12-04,82.4,80.6,80.6,82.4,81.59,283730.0
2019-12-05,82.5,81.9,82.2,82.0,82.14,337270.0
2019-12-06,82.3,81.6,82.0,82.2,81.89,168870.0
2019-12-09,82.7,81.8,82.2,82.2,82.32,229770.0
2019-12-10,83.1,81.9,82.2,82.8,82.65,349410.0
2019-12-11,84.4,82.6,83.0,84.1,83.69,932158.0
2019-12-12,84.5,83.8,84.1,84.0,84.11,220780.0
2019-12-13,84.2,82.9,84.0,83.5,83.52,349100.0
2019-12-16,83.7,82.5,83.3,83.6,82.83,304590.0
2019-12-17,83.8,82.0,83.8,82.2,82.8,378200.0
2019-12-18,82.7,80.8,82.0,80.9,81.64,337680.0
2019-12-19,81.8,80.9,80.9,81.5,81.3,257790.0
2019-12-20,82.8,81.6,81.9,82.8,82.23,201140.0
2019-12-23,84.9,82.7,82.7,84.7,84.23,1001500.0
2019-12-24,85.0,84.1,85.0,84.5,84.43,407580.0
2019-12-25,85.8,84.3,84.7,85.5,85.29,722330.0
2019-12-26,86.7,85.0,85.5,85.6,86.11,1160250.0
2019-12-27,86.5,85.0,85.6,86.5,85.79,674570.0
2019-12-30,87.9,86.5,87.0,86.5,87.11,741960.0
2019-12-31,86.9,85.6,86.3,86.0,86.22,374050.0
2020-01-02,87.6,86.0,86.5,87.4,86.91,651790.0
2020-01-03,88.2,86.1,87.9,86.8,87.34,659870.0
2020-01-06,87.8,85.8,86.7,85.8,87.03,768370.0
2020-01-07,87.0,85.0,86.0,86.9,86.09,905173.0
2020-01-08,87.1,84.1,87.0,85.1,85.54,1088880.0
2020-01-09,87.1,85.6,86.1,86.2,86.44,1442930.0
2020-01-10,88.7,86.5,86.5,88.5,88.0,1665860.0
2020-01-13,89.4,88.1,88.4,89.0,88.8,891363.0
2020-01-14,89.0,88.4,88.9,88.9,88.72,485560.0
2020-01-15,90.6,88.5,88.6,90.0,89.93,1175740.0
2020-01-16,90.6,89.6,90.3,89.9,90.09,629290.0
2020-01-17,90.9,89.7,90.0,90.7,90.27,738240.0
2020-01-20,92.4,91.0,91.0,92.0,91.69,818960.0
2020-01-21,92.5,91.0,92.4,91.0,91.53,722420.0
2020-01-22,91.9,90.4,91.0,91.3,91.05,796390.0
2020-01-30,90.8,85.2,90.6,87.7,89.03,1298290.0
2020-01-31,88.3,84.0,87.0,84.3,85.63,2337700.0
2020-02-03,84.0,79.6,80.0,82.8,81.04,1453110.0
2020-02-04,84.4,82.5,83.0,84.0,83.32,812530.0
2020-02-05,84.9,82.6,84.3,82.7,83.36,648860.0
2020-02-06,84.0,82.6,82.7,83.9,83.53,886840.0
2020-02-07,84.0,82.3,84.0,82.6,83.01,953340.0
2020-02-10,82.4,81.0,82.0,81.5,81.67,590920.0
2020-02-11,82.2,81.5,82.0,81.5,81.81,405250.0
2020-02-12,83.9,81.7,82.2,82.5,82.74,622610.0
2020-02-13,83.0,81.9,82.5,82.5,82.34,384700.0
2020-02-14,82.8,82.2,82.5,82.7,82.52,297190.0
2020-02-17,83.0,82.2,82.5,82.4,82.48,343220.0
2020-02-18,84.3,82.4,82.6,83.7,83.61,659890.0
2020-02-19,85.5,83.7,83.7,85.5,84.79,692450.0
2020-02-20,86.4,84.7,86.4,85.3,85.43,439930.0
2020-02-21,85.5,83.5,85.2,83.8,84.42,682030.0
2020-02-24,82.7,81.2,82.1,81.2,81.92,1400200.0
2020-02-25,83.0,81.0,81.0,83.0,81.85,775410.0
2020-02-26,83.8,81.8,82.0,83.0,83.0,732240.0
2020-02-27,83.6,82.8,83.0,83.5,83.26,455500.0
2020-02-28,82.5,81.6,82.0,81.7,81.92,455890.0
2020-03-02,82.4,81.4,81.7,81.6,81.83,515120.0
2020-03-03,82.6,81.6,82.6,82.0,81.97,390160.0
2020-03-04,82.2,81.6,81.8,82.2,81.93,1140513.0
2020-03-05,82.7,81.7,82.6,81.7,82.11,318450.0
2020-03-06,81.7,80.2,81.5,80.7,80.9,670840.0
2020-03-09,78.0,75.1,75.2,75.1,75.59,1245780.0
2020-03-10,75.3,71.0,71.0,73.7,73.01,653470.0
2020-03-11,74.5,68.6,74.5,68.6,70.08,1560390.0
2020-03-12,64.0,63.8,63.8,63.8,63.81,566330.0
2020-03-13,62.7,59.4,59.4,61.6,59.79,1608230.0
2020-03-16,60.5,57.3,60.5,57.3,58.33,1108040.0
2020-03-17,57.0,53.3,53.3,57.0,54.16,1431950.0
2020-03-18,58.5,57.0,57.0,57.4,57.81,1775710.0
2020-03-19,56.5,54.0,56.5,54.4,54.9,587220.0
2020-03-20,55.1,53.4,54.0,55.0,54.41,1513073.0
2020-03-23,53.0,51.2,53.0,51.2,51.31,1742698.0
2020-03-24,52.5,50.3,51.5,51.4,51.58,940450.0
2020-03-25,54.9,53.0,53.9,54.9,53.89,1572820.0
2020-03-26,56.4,53.8,55.0,53.8,54.99,1241920.0
2020-03-27,54.5,51.1,54.1,51.9,53.13,1606120.0
2020-03-30,50.0,48.3,48.3,48.3,48.32,1867311.0
2020-03-31,49.8,45.0,48.3,46.9,47.63,655870.0
2020-04-01,49.1,45.1,45.1,48.6,48.01,545620.0
2020-04-03,52.0,49.2,49.5,51.9,50.92,958070.0
2020-04-06,55.5,53.1,54.6,55.5,54.99,1317440.0
2020-04-07,57.3,55.0,56.0,57.0,56.29,1384990.0
2020-04-08,56.5,54.3,54.3,56.2,55.31,1013860.0
2020-04-09,59.9,56.2,56.2,58.0,58.32,1344730.0
2020-04-10,58.8,56.1,58.0,57.6,57.6,947960.0
2020-04-13,59.4,56.7,57.6,57.6,57.89,820650.0
2020-04-14,58.4,56.5,58.4,57.5,57.24,740380.0
2020-04-15,59.4,57.8,57.8,59.2,58.84,797850.0
2020-04-16,59.5,57.5,58.8,59.0,58.66,621760.0
2020-04-17,60.5,59.4,59.8,59.7,59.8,1238570.0
2020-04-20,61.2,59.5,61.0,60.2,60.39,1488320.0
2020-04-21,60.2,56.9,59.5,57.9,58.76,1314890.0
2020-04-22,58.9,56.2,56.2,58.8,57.7,1103110.0
2020-04-23,60.6,59.0,60.5,59.4,59.86,767670.0
2020-04-24,59.7,59.1,59.6,59.5,59.44,434140.0
2020-04-27,60.2,58.0,60.0,58.0,58.97,932470.0
2020-04-28,58.4,57.0,58.0,57.2,57.34,831420.0
2020-04-29,57.4,56.7,57.2,56.9,57.05,1390603.0
2020-05-04,58.0,56.2,56.8,56.5,56.79,274490.0
2020-05-05,57.1,55.7,56.8,56.0,56.11,942060.0
2020-05-06,56.8,56.0,56.0,56.5,56.27,1125240.0
2020-05-07,57.6,56.8,57.0,57.5,57.2,1001950.0
2020-05-08,59.5,57.9,58.0,58.2,58.57,1518960.0
2020-05-11,59.9,58.3,58.8,59.7,59.32,1231840.0
2020-05-12,63.8,58.7,59.7,63.8,61.31,3181350.0
2020-05-13,65.5,62.0,64.0,64.9,64.19,1660930.0
2020-05-14,64.9,63.3,63.8,63.6,63.91,1400780.0
2020-05-15,63.9,61.5,63.8,62.0,62.57,1381060.0
2020-05-18,64.0,61.5,61.8,63.5,62.95,785810.0
2020-05-19,65.3,63.5,64.3,64.3,64.42,1077410.0
2020-05-20,64.4,63.4,63.6,64.0,63.77,861470.0
2020-05-21,64.0,63.0,63.6,64.0,63.4,1380800.0
2020-05-22,63.7,62.8,63.6,63.2,63.35,885640.0
2020-05-25,64.3,63.5,63.5,64.0,63.9,909350.0
2020-05-26,64.8,63.9,64.4,64.2,64.23,1248050.0
2020-05-27,65.0,63.0,64.5,63.0,64.32,1468400.0
2020-05-28,63.1,62.2,62.5,62.7,62.79,1196350.0
2020-05-29,64.0,62.1,62.5,63.1,62.79,964030.0
2020-06-01,64.3,63.3,63.4,63.9,63.84,730080.0
2020-06-02,64.0,63.2,64.0,63.2,63.64,1021220.0
2020-06-03,63.8,63.1,63.3,63.4,63.35,942850.0
2020-06-04,64.0,63.4,63.8,63.7,63.68,1280980.0
2020-06-05,63.7,63.4,63.6,63.7,63.54,756100.0
2020-06-08,66.2,64.1,64.1,66.1,65.59,2591206.0
2020-06-09,66.7,64.8,66.6,65.5,65.76,741240.0
2020-06-10,65.6,64.0,65.5,65.0,64.89,1042040.0
2020-06-11,65.0,60.5,64.6,60.5,63.09,2000670.0
2020-06-12,60.0,57.0,57.0,59.5,58.63,1325680.0
2020-06-15,59.8,57.0,59.6,57.2,58.13,832010.0
2020-06-16,58.8,57.5,58.8,58.8,58.2,561700.0
2020-06-17,59.0,58.1,58.8,58.3,58.45,297630.0
2020-06-18,58.2,57.4,58.0,58.2,57.92,300710.0
2020-06-19,59.2,58.1,58.1,59.1,58.72,2581500.0
2020-06-22,59.6,58.8,59.4,59.1,59.19,450920.0
2020-06-23,60.5,59.1,59.5,59.8,59.84,1513580.0
2020-06-24,61.0,59.6,61.0,60.4,60.41,378710.0
2020-06-25,60.0,59.0,59.0,59.6,59.53,322620.0
2020-06-26,60.4,59.0,60.4,59.6,59.48,402210.0
2020-06-29,59.0,57.0,59.0,57.5,57.78,611900.0
2020-06-30,58.3,56.4,57.6,57.4,57.43,402480.0
2020-07-01,59.2,57.4,57.4,58.6,58.02,349490.0
2020-07-02,59.0,58.0,58.5,58.7,58.46,291080.0
2020-07-03,58.9,58.6,58.7,58.6,58.7,249650.0
2020-07-06,59.8,58.8,59.1,59.5,59.38,989740.0
2020-07-07,60.0,59.4,60.0,59.4,59.77,375160.0
2020-07-08,59.5,59.0,59.4,59.2,59.31,278600.0
2020-07-09,60.7,59.3,59.6,60.6,60.15,886280.0
2020-07-10,60.5,59.6,60.1,59.9,60.13,328070.0
2020-07-13,60.4,59.3,60.0,59.3,59.75,438510.0
2020-07-14,59.4,58.6,59.1,59.3,58.968,325390.0
2020-07-15,60.4,59.7,59.9,60.2,60.13,1470010.0
2020-07-16,60.5,59.7,60.5,60.5,60.14,439840.0
2020-07-17,60.4,60.0,60.3,60.4,60.21,308760.0
2020-07-20,60.4,59.4,60.3,59.4,59.65,353660.0
2020-07-21,59.8,59.0,59.8,59.4,59.36,212580.0
2020-07-22,59.4,58.5,59.4,58.6,58.95,756500.0
2020-07-23,59.5,58.6,58.6,59.0,58.95,707350.0
2020-07-24,59.0,54.9,59.0,56.0,57.28,956350.0
2020-07-27,54.0,52.1,52.5,52.1,52.62,1065940.0
2020-07-28,54.1,52.0,52.1,54.0,52.775,779540.0
2020-07-29,52.5,50.3,52.5,51.5,50.89,1011340.0
2020-07-30,52.1,51.3,51.5,51.5,51.62,338980.0
2020-07-31,51.7,49.8,50.0,51.6,51.25,440450.0
2020-08-03,53.0,51.6,52.5,52.8,52.45,619260.0
2020-08-04,54.0,53.0,53.5,53.5,53.56,381250.0
2020-08-05,55.0,53.1,53.5,54.9,54.34,566770.0
2020-08-06,56.4,54.8,55.4,55.6,55.67,829240.0
2020-08-07,56.4,55.1,55.6,55.2,55.59,476890.0
2020-08-10,56.0,55.2,55.8,55.3,55.64,348770.0
2020-08-11,55.5,54.6,55.3,55.1,55.01,1875550.0
2020-08-12,55.0,54.3,54.7,54.6,54.72,693140.0
2020-08-13,56.0,54.8,54.9,56.0,55.58,2746350.0
2020-08-14,57.3,55.8,56.0,56.5,56.79,581400.0
2020-08-17,56.5,55.4,56.4,55.9,55.85,303530.0
2020-08-18,56.1,55.0,55.9,55.3,55.41,418780.0
2020-08-19,56.0,55.1,55.1,55.6,55.74,663300.0
2020-08-20,56.2,55.0,55.7,55.6,55.54,668690.0
2020-08-21,56.5,55.8,56.0,56.3,56.24,842610.0
2020-08-24,58.8,57.4,58.0,58.6,58.43,2599601.0
2020-08-25,59.7,58.8,59.0,59.7,59.27,1147730.0
2020-08-26,59.8,58.6,59.6,59.0,59.28,601340.0
2020-08-27,59.0,58.4,58.5,58.8,58.67,605350.0
2020-08-28,61.8,59.1,59.5,60.8,60.68,1254030.0
2020-08-31,61.6,60.0,60.8,60.0,60.79,638480.0
2020-09-01,61.1,59.8,60.4,61.0,60.73,896550.0
2020-09-03,61.5,60.3,61.3,61.4,61.11,694700.0
2020-09-04,60.8,60.0,60.1,60.6,60.49,727010.0
2020-09-07,61.0,58.9,60.7,58.9,59.8,1003180.0
2020-09-08,59.8,58.3,59.0,59.8,58.92,510730.0
2020-09-09,59.6,58.8,59.0,59.5,59.17,348460.0
2020-09-10,60.0,59.5,59.6,59.8,59.78,294680.0
2020-09-11,59.6,59.0,59.6,59.5,59.37,349420.0
2020-09-14,60.0,59.6,60.0,60.0,59.8,949590.0
2020-09-15,60.3,59.7,60.0,59.9,59.93,313000.0
2020-09-16,61.0,60.2,60.8,60.7,60.73,689520.0
2020-09-17,61.0,59.8,60.9,59.8,60.41,693600.0
2020-09-18,60.4,59.8,59.8,60.4,60.16,268900.0
2020-09-21,61.6,60.4,60.4,61.0,61.17,1007790.0
2020-09-22,61.1,60.4,61.0,60.9,60.81,594930.0
2020-09-23,63.4,60.7,60.8,63.4,62.1,2482610.0
2020-09-24,63.3,62.2,62.8,62.3,62.65,594470.0
2020-09-25,62.8,61.7,62.5,62.0,62.04,560390.0
2020-09-28,62.1,61.6,62.0,62.0,61.84,635190.0
2020-09-29,62.6,60.8,62.5,60.8,61.75,996730.0
2020-09-30,61.3,60.6,61.0,60.9,60.85,458470.0
2020-10-01,61.7,61.1,61.1,61.7,61.42,488320.0
2020-10-02,62.0,57.4,61.8,61.0,60.82,1002960.0
2020-10-05,61.5,60.8,61.0,61.2,61.1,813810.0
2020-10-06,61.8,60.9,61.8,61.1,61.21,464940.0
2020-10-07,61.4,60.7,60.9,61.1,61.04,1179590.0
2020-10-08,63.1,61.1,61.2,62.8,62.42,2814000.0
2020-10-09,64.1,62.2,63.0,63.2,63.3,822790.0
2020-10-12,63.8,61.8,63.4,62.0,62.81,552410.0
2020-10-13,62.6,62.0,62.0,62.5,62.335,1461890.0
2020-10-14,63.5,62.1,62.4,62.9,62.573,963960.0
2020-10-15,65.1,63.2,63.2,65.0,64.59,2917230.0
2020-10-16,68.8,64.0,65.0,68.1,67.26,3468430.0
2020-10-19,69.3,67.2,68.8,67.5,68.38,849020.0
2020-10-20,67.4,66.3,67.3,67.0,66.79,997580.0
2020-10-21,68.4,66.7,67.0,67.0,67.52,1193370.0
2020-10-22,68.2,66.4,67.2,68.2,67.33,1036480.0
2020-10-23,68.8,67.7,68.5,68.0,68.2,1617180.0
2020-10-26,71.0,68.1,68.7,69.0,69.93,1797850.0
2020-10-27,70.0,68.7,69.5,69.4,69.44,1186800.0
2020-10-28,69.8,66.0,69.1,66.0,68.04,1940930.0
2020-10-29,68.2,65.4,66.0,66.8,66.26,1957230.0
2020-10-30,69.5,66.6,67.5,69.5,68.23,1541590.0
2020-11-02,72.3,69.5,69.9,71.5,71.14,1603470.0
2020-11-03,72.8,70.6,72.8,71.0,71.33,1068050.0
2020-11-04,72.2,70.6,71.0,71.7,71.36,1879100.0
2020-11-05,73.4,71.9,73.0,72.6,72.83,1507760.0
2020-11-06,75.0,73.1,73.5,73.3,74.07,1668190.0
2020-11-09,74.9,73.0,74.5,74.0,74.11,1626110.0
2020-11-10,74.0,73.0,73.8,73.0,73.39,1231100.0
2020-11-11,73.1,71.6,73.0,71.9,72.19,1709780.0
2020-11-12,73.6,71.5,71.9,73.6,72.42,889610.0
2020-11-13,74.5,73.5,73.5,73.8,73.9,631180.0
2020-11-16,74.1,72.1,73.9,72.1,73.14,1409570.0
2020-11-17,74.0,72.4,73.0,74.0,73.08,1337770.0
2020-11-18,74.0,73.1,73.7,73.5,73.52,899670.0
2020-11-19,74.5,73.5,74.5,74.0,74.0,1323020.0
2020-11-20,74.1,73.4,74.0,73.6,73.68,646460.0
2020-11-23,76.8,73.4,74.0,76.7,75.49,2209950.0
2020-11-24,77.1,74.0,77.0,75.9,75.88,1530274.0
2020-11-25,77.5,75.9,77.5,76.2,76.43,1091650.0
2020-11-26,76.5,75.0,75.9,76.2,76.01,966530.0
2020-11-27,78.9,76.0,76.2,78.8,77.58,1255000.0
2020-11-30,79.8,77.9,79.8,77.9,79.18,1222810.0
2020-12-01,78.0,76.6,77.0,78.0,77.2,1090610.0
2020-12-02,78.0,76.6,78.0,77.0,77.08,1152760.0
2020-12-03,77.5,76.0,77.0,77.5,76.77,970980.0
2020-12-04,78.5,77.4,77.5,78.5,77.93,1004440.0
2020-12-07,79.5,77.8,78.2,78.5,78.5,594550.0
2020-12-08,78.7,78.0,78.3,78.5,78.33,727940.0
2020-12-09,78.9,78.0,78.5,78.4,78.4,666430.0
2020-12-10,78.8,73.0,78.5,73.0,77.57,964410.0
2020-12-11,78.0,76.0,76.0,77.4,76.8,1089180.0
2020-12-14,78.0,77.5,77.5,77.6,77.79,614974.0
2020-12-15,79.0,76.2,77.9,77.1,78.04,867800.0
2020-12-16,77.6,77.0,77.2,77.6,77.31,769290.0
2020-12-17,77.5,75.0,76.5,75.8,76.41,1407970.0
2020-12-18,77.5,75.8,75.8,77.3,76.84,582740.0
2020-12-21,77.4,76.5,77.3,77.3,77.06,676290.0
2020-12-22,78.7,77.0,77.8,78.3,78.03,997080.0
2020-12-23,78.9,78.0,78.4,78.0,78.32,505640.0
2020-12-24,78.0,76.0,78.0,76.9,77.01,637430.0
2020-12-25,77.7,76.2,76.5,77.7,77.1,571620.0
2020-12-28,78.5,77.3,78.5,77.8,77.93,735450.0
2020-12-29,78.8,77.4,78.0,78.5,78.27,1003660.0
2020-12-30,81.3,79.0,79.0,80.4,80.6,1620200.0
2020-12-31,81.2,80.4,80.7,81.0,80.84,681980.0